Name,tconst,Release_Date
sombra verde,tt0132524,1954
hermanas,tt0362718,2005
...and justice for all,tt0078718,1979
las boludas,tt0155561,1993
tesha,tt0019457,1928
rhodes of africa,tt0028176,1936
l'enquête corse,tt0380349,2004
de blanke slavin,tt0064095,1969
l'iguana dalla lingua di fuoco,tt0067236,1971
hip hip hurra!,tt0093194,1987
gritos en la noche,tt0056040,1962
the angels wash their faces,tt0031045,1939
"francesco, giullare di dio",tt0042477,1950
balseros,tt0321376,2002
totò e le donne,tt0045248,1952
romasanta,tt0374180,2004
les bronzés font du ski,tt0078907,1979
misafa lesafa,tt0416984,2004
o auto da compadecida,tt0271383,2000
la guerra la gano yo,tt0121334,1943
cinta pertama,tt1068228,2006
du rififi chez les femmes,tt0052136,1959
live it up!,tt0057504,1963
das schreckliche mädchen,tt0100557,1990
magyar vándor,tt0370919,2004
nenè,tt0076445,1977
mollenard,tt0030457,1938
deliciosamente amoral,tt0194798,1969
los debutantes en el amor,tt0158580,1969
princesas,tt0434292,2005
durval discos,tt0314009,2002
no kidding,tt0053648,1960
caídos en el infierno,tt0178312,1954
neumi,tt0314429,1980
cronaca di un amore,tt0042355,1950
talaash,tt1787988,2012
mo hozue wa tsukanai,tt0079570,1979
lachende erben,tt0024236,1933
ibunda,tt0299605,1986
gwendoline,tt0087903,1984
marie-antoinette reine de france,tt0048355,1956
premier rendez-vous,tt0034063,1941
telokhranitel,tt0171819,1979
clandestino a trieste,tt0043416,1951
two white arms,tt0023630,1932
i was monty's double,tt0051759,1958
il diavolo,tt0056995,1963
school for secrets,tt0038911,1946
vacaciones en el otro mundo,tt0201295,1942
les carabiniers,tt0056905,1963
les uns et les autres,tt0083260,1981
a woman alone,tt0028430,1936
"welcome home, roscoe jenkins",tt0494652,2008
la liceale,tt0073290,1975
mondo hollywood,tt0061988,1967
mr. reliable,tt0117101,1996
mausam,tt0151511,1975
"ah, wilderness!",tt0026046,1935
la guerra del cerdo,tt0072878,1975
the wild and the willing,tt0056696,1962
sinimäed,tt0940766,2006
lettre d'amour zoulou,tt0369664,2004
gonin,tt0113194,1995
le toubib,tt0080038,1979
praznik u sarajevu,tt0193430,1991
hakuchi,tt0043614,1951
no. 2,tt0452345,2006
il leone di amalfi,tt0042673,1950
onibi kago,tt10837638,1957
le infedeli,tt0045910,1953
l'uccello dalle piume di cristallo,tt0065143,1970
arroz con leche,tt0199332,1950
la religieuse,tt0060891,1966
twelve monkeys,tt0114746,1995
anna boleyn,tt0010962,1920
l'inferno,tt0002130,1911
brandos costumes,tt0072731,1975
mozart,tt0048391,1955
sa-kwa,tt0478025,2005
le gai savoir,tt0062997,1969
sukob,tt0757933,2006
helsinki napoli all night long,tt0093178,1987
un secreto de esperanza,tt0316562,2002
shouf shouf habibi!,tt0341578,2004
aiyoku no ki,tt0020624,1930
der untergang,tt0363163,2004
raising the wind,tt0055354,1961
blood orange,tt0045562,1953
der jäger von fall,tt0027833,1936
fanny hill,tt0058088,1964
davitelj protiv davitelja,tt0087123,1984
sol de otoño,tt0117684,1996
penn of pennsylvania,tt0033493,1942
fan chan,tt0399040,2003
long weekend,tt1098356,2008
la cité de la peur,tt0109440,1994
gli specialisti,tt0065026,1969
la ciénaga,tt0240419,2001
kamikaze 1989,tt0084191,1982
furimukeba ai,tt0125108,1978
dama koja ubija,tt0280354,1992
nez de cuir,tt0043837,1952
the seekers,tt0047467,1954
huella,tt0194955,1940
"adiós, abuelo",tt0310578,1996
di que sí,tt0377051,2004
mamiya kyodai,tt0777932,2006
nuestra tierra de paz,tt0192382,1939
cuatro corazones,tt0031193,1939
women of twilight,tt0046558,1952
küçük kovboy,tt0269460,1973
el santo de la espada,tt0064931,1970
parker,tt0086990,1984
crna zorica,tt1679544,2012
de witte waan,tt0137278,1984
bagong buwan,tt0325043,2001
historia de una mala mujer,tt0040441,1948
vstanou noví bojovníci,tt0176303,1951
"harry tracy, desperado",tt0084052,1982
séraphin: un homme et son péché,tt0221013,2002
vampira,tt0071938,1974
aika hyvä ihmiseksi,tt0075647,1977
lo sceriffo che non spara,tt0060970,1965
der schuh des manitu,tt0248408,2001
patayin sa sindak si barbara,tt0332308,1995
cet homme est dangereux,tt0045617,1953
nella stretta morsa del ragno,tt0066132,1971
bibar,tt1397496,2006
eine liebe in deutschland,tt0085843,1983
pierrot le fou,tt0059592,1965
der tiger von eschnapur,tt0052295,1959
pisau cukur,tt1505380,2009
sachein,tt0453201,2005
poklad byzantského kupce,tt0329503,1967
rose bernd,tt0049689,1957
casamiento en buenos aires,tt0178307,1940
christiane f. - wir kinder vom bahnhof zoo,tt0082176,1981
sparsh,tt0079938,1980
les bronzés,tt0077276,1978
intern academy,tt0367232,2004
alvorada,tt0055742,1962
coeur fidèle,tt0013933,1923
walk into paradise,tt0049931,1956
monte carlo baby,tt0043818,1953
valley of eagles,tt0044178,1951
una breve vacanza,tt0069823,1973
manon des sources,tt0091480,1986
madol duwa,tt0450034,1976
dolphins,tt0490114,2007
mandy,tt0045654,1952
mauvais sang,tt0091497,1986
contraband,tt0032356,1940
the spy in black,tt0031968,1939
dad and dave come to town,tt0030032,1938
little sister,tt1410270,2010
eréndira,tt0085501,1983
dead man's hand,tt0864331,2007
bequest to the nation,tt0070437,1973
west of suez,tt0050395,1957
pour la suite du monde,tt0057423,1963
la belle captive,tt0085226,1983
le blé en herbe,tt0046794,1954
clubland,tt0432264,2007
den siste revejakta,tt1054116,2008
le dernier combat,tt0085426,1983
roman einer jungen ehe,tt0045099,1952
helmiä ja sikoja,tt0342520,2003
savana violenta,tt0075168,1976
lune de miel,tt0089522,1985
il sogno di zorro,tt0045168,1952
på tro og love,tt0124845,1955
yo quiero morir contigo,tt0179545,1941
cándida millonaria,tt0123022,1941
to pontikaki,tt0181632,1954
"cinco dias, cinco noites",tt0115900,1996
nos 18 ans,tt1092020,2008
el honorable inquilino,tt0199605,1951
puisi tak terkuburkan,tt0258056,2000
cornetti alla crema,tt0082203,1981
the battle of the river plate,tt0048990,1956
senki,tt0834102,2007
der hauptmann von köpenick,tt0049293,1956
hatter's castle,tt0033692,1942
superseven chiama cairo,tt0061045,1965
the shooter,tt0114432,1995
autobonus,tt0308090,2001
2 coelhos,tt1753722,2012
the yellow teddy bears,tt0058169,1963
wes craven's new nightmare,tt0111686,1994
capitaine conan,tt0115822,1996
murió el sargento laprida,tt0029276,1937
docteur jekyll et les femmes,tt0082272,1981
hardcore,tt0084051,1977
cube 2: hypercube,tt0285492,2002
onkel toms hütte,tt0059545,1965
ndoto za elibidi,tt2179888,2010
die reiter von deutsch-ostafrika,tt0024494,1934
riusciranno i nostri eroi a ritrovare l'amico misteriosamente scomparso in africa?,tt0063508,1968
defilada,tt0267419,1989
sweeney todd: the demon barber of fleet street,tt0028331,1936
alt for egil,tt0377355,2004
la vie sur terre,tt0157160,1998
un monde nouveau,tt0061139,1966
sano sansar,tt2007994,2008
palo y hueso,tt0121624,1968
né de père inconnu,tt0042231,1950
la familia dressel,tt0026334,1935
ultraman,tt0471414,2004
theofilos,tt0124164,1987
valter brani sarajevo,tt0069452,1972
mon petit doigt m'a dit...,tt0445570,2005
stockholmsnatt,tt0092015,1987
pop gear,tt0237588,1965
dos ángeles y un pecador,tt0178387,1945
oi paranomoi,tt0288715,1958
la magnifica sfida,tt0060487,1965
le gendarme de saint-tropez,tt0058135,1964
capitães de abril,tt0120626,2000
ultime grida dalla savana,tt0155306,1975
un garibaldino al convento,tt0033648,1942
iligos,tt0183230,1963
a jolly bad fellow,tt0058248,1964
the old curiosity shop,tt0073480,1975
the big man,tt0099136,1990
detektiv braun,tt0356526,1914
taste of fear,tt0055505,1961
utvandrarna,tt0067919,1971
la habitación azul,tt0299956,2002
the trollenberg terror,tt0052320,1958
muriel ou le temps d'un retour,tt0057336,1963
the feminine touch,tt0050428,1956
ongedaan gedaan,tt0286865,1989
das fliegende klassenzimmer,tt0070064,1973
la fabuleuse aventure de marco polo,tt0059429,1965
agam puram,tt4327470,2010
si buta lawan jaka sembung,tt0096421,1983
la moglie più bella,tt0232114,1970
sami swoi,tt0062228,1967
rancid aluminium,tt0179443,2000
toinen jalka haudasta,tt1208731,2009
cervantes,tt0060227,1967
nayak,tt0060742,1966
spøgelsestoget,tt0073741,1976
guyana: crime of the century,tt0080833,1979
amada bata,tt0321182,1964
the gaunt stranger,tt0030174,1938
la fille seule,tt0113057,1995
dick barton: special agent,tt0040289,1948
drømmeslottet,tt0180661,1986
italian soldiers,tt0366625,2001
el compadre mendoza,tt0023902,1934
kanojo to kare,tt0057218,1963
feldzug in polen,tt0199517,1940
la raulito,tt0072068,1975
no quarto da vanda,tt0139500,2000
tali-ihantala 1944,tt0378848,2007
quai des orfèvres,tt0039739,1947
angel square,tt0101348,1990
ven mi corazón te llama,tt0197998,1942
jönssonligan dyker upp igen,tt0091314,1986
jönssonligan på mallorca,tt0097636,1989
geulimja,tt0322405,1935
gülen gözler,tt0289967,1977
een ochtend van zes weken,tt0060774,1966
le soldatesse,tt0059732,1965
the constant husband,tt0047948,1955
filantropica,tt0314067,2002
notre musique,tt0360845,2004
les bons débarras,tt0078894,1980
thomas l'imposteur,tt0058650,1965
morning call,tt0052253,1957
la fausse maîtresse,tt0154473,1942
ön,tt0061227,1966
le tatoué,tt0063674,1968
spellbound,tt0033088,1941
la minute de vérité,tt0140381,1952
fidibus,tt0481995,2006
el espejo,tt0175597,1943
il diavolo nel cervello,tt0068484,1972
maskerade,tt0025478,1934
sairen,tt0494815,2006
las aguas bajan turbias,tt0044335,1952
long john silver,tt0047189,1954
adieu gary,tt1298828,2009
scalawag,tt0070642,1973
útlaginn,tt0083267,1981
golden arrow,tt0045803,1949
mala época,tt0177915,1998
un coupable idéal,tt0307197,2001
banco à bangkok pour oss 117,tt0140834,1964
service for ladies,tt0023455,1932
café paradis,tt0042294,1950
eiffel i'm in love,tt0395524,2003
2 days in new york,tt1602472,2012
le colonel chabert,tt0109454,1994
alla älskar alice,tt0297722,2002
le gendarme se marie,tt0063005,1968
een zwoele zomeravond,tt0084957,1982
the impassive footman,tt0023054,1932
à gauche en sortant de l'ascenseur,tt0096517,1988
hasami otoko,tt0468754,2005
isn't life wonderful!,tt0196644,1953
friday the 13th part vii: the new blood,tt0095179,1988
heiter bis wolkig,tt2325717,2012
le notti bianche,tt0050782,1957
la tragedia di un uomo ridicolo,tt0084813,1981
tanin no kao,tt0061065,1966
pornografia,tt0357037,2003
el gángster,tt0180727,1965
flame,tt0072993,1975
gigante,tt1360866,2009
i'll get you for this,tt0042590,1951
brot und rosen,tt0230051,1967
amarsi male,tt0186813,1969
the faithful heart,tt0022872,1932
hip hip hora!,tt0385751,2004
schatjes!,tt0088050,1984
with friends like these...,tt0119692,1998
on purge bébé,tt0022223,1931
"vodkaa, komisario palmu",tt0065187,1969
napoli violenta,tt0074952,1976
demos,tt0189474,1921
sione's wedding,tt0464184,2006
elsk meg i morgen,tt0472767,2005
l'ami de mon amie,tt0092550,1987
dekada '70,tt0325233,2002
los tres mosqueteros,tt0162020,1942
i figli di nessuno,tt0166190,1974
kermis in de regen,tt0056136,1962
la gueule de l'autre,tt0079251,1979
dr. med. sommer ii,tt0065659,1970
kameni horizonti,tt0045952,1953
manichitrathazhu,tt0214915,1993
digan lo que digan,tt0062891,1968
ore thooval pakshikal,tt0235650,1988
la cama,tt0244450,1968
mortelle randonnée,tt0084358,1983
buenos aires me mata,tt0166515,1998
i don't want to be born,tt0072867,1975
os fuzis,tt0058122,1964
a terrible beauty,tt0054120,1960
el último tren,tt0303267,2002
arisan!,tt0374506,2003
juninatten,tt0032655,1940
al final del espectro,tt0782839,2006
sarah,tt0242851,1982
the queen's affair,tt0025694,1934
secrets of a superstud,tt0318674,1976
araf,tt0845424,2006
dostana,tt0080653,1980
el faro,tt0168749,1998
balika badhu,tt0465904,1967
si le soleil ne revenait pas,tt0093965,1987
chura liyaa hai tumne,tt0345043,2003
very important person,tt0055593,1961
"wilmington 10 -- u.s.a. 10,000",tt0080136,1979
nuits rouges,tt0069593,1974
dans la peau de jacques chirac,tt0798417,2006
ocaso de un pistolero,tt0059530,1965
there goes susie,tt0025875,1934
"brutti, sporchi e cattivi",tt0074252,1976
los santos inocentes,tt0088040,1984
au rendez-vous de la mort joyeuse,tt0068236,1973
priya,tt0187422,1978
diamond cut diamond,tt0022693,1932
ragazzi fuori,tt0100454,1990
la playa del amor,tt0081343,1980
de boekverfilming,tt0188460,1999
sabaidee luang prabang,tt1192617,2008
rani radovi,tt0064874,1969
jane austen's mafia!,tt0120741,1998
"cinderelas, lobos e um príncipe encantado",tt1430076,2009
c'eravamo tanto amati,tt0075793,1974
gandha,tt1587676,2009
la fiaca,tt0121279,1969
suddha,tt0758438,2005
los muchachos de antes no usaban gomina,tt0183537,1969
innocence,tt0347246,2004
les guichets du louvre,tt0192099,1974
het compromis,tt0294469,1968
caliche sangriento,tt0064120,1969
dr. holl,tt0043477,1951
atanarjuat,tt0285441,2001
la cathédrale,tt1042258,2006
history is made at night,tt0170107,1999
så vit som en snö,tt0200191,2001
les deux orphelines,tt0059131,1965
the adventurers,tt0043263,1951
die stadt ohne juden,tt0016392,1924
sole nudo,tt0147524,1984
indradhanura chhai,tt0305672,1993
barfuß bis zum hals,tt1294646,2009
bukan bintang biasa,tt1063598,2007
mabudachi,tt0277119,2001
mauvaises fréquentations,tt0211504,1999
nongjungjo,tt5365358,1926
gente di roma,tt0382711,2003
noose,tt0040651,1948
l'étrange madame x,tt0043164,1951
sung horn,tt0371267,2003
duas mulheres,tt1362543,2009
cento piccole mamme,tt0043394,1952
amma ariyan,tt0090634,1986
la séparation,tt0111342,1994
la leyenda de la llorona,tt1828224,2011
sooriya arana,tt0499255,2004
fietsen naar de maan,tt0057059,1963
bienvenue en suisse,tt0386858,2004
sisily 2km,tt0420183,2004
orage,tt0030528,1938
shiki-jitsu,tt0269856,2000
dead meat,tt0398927,2005
jönssonligans största kupp,tt0113510,1995
doce mujeres,tt0194817,1939
los peces rojos,tt0048476,1955
beast of the yellow night,tt0066816,1971
rok 1863,tt0953903,1922
het jaar van de kreeft,tt0073188,1975
la torre de los siete jorobados,tt0037387,1944
rencontres,tt0216999,1962
l'affaire farewell,tt0806029,2009
the silent battle,tt0031924,1939
le boulet,tt0283957,2002
killing birds,tt0156706,1988
il generale della rovere,tt0053856,1959
golu hadawatha,tt0191158,1969
alas de mi patria,tt0181280,1939
"gwen, le livre de sable",tt0087376,1985
the vicious circle,tt0052695,1957
die feuerzangenbowle,tt0036818,1944
el canillita y la dama,tt0177605,1938
surat kecil untuk tuhan,tt2112276,2011
l'âge d'or,tt0021577,1930
borat: cultural learnings of america for make benefit glorious nation of kazakhstan,tt0443453,2006
världens bästa karlsson,tt0073227,1974
the dirty game,tt0059108,1965
las mil y una noches,tt0241725,1958
dravci,tt0175582,1948
merah putih,tt1438496,2009
bellamy,tt1188983,2009
the guinea pig,tt0040407,1948
la fête espagnole,tt0011216,1920
dagboek van een oude dwaas,tt0092816,1987
calle mayor,tt0049043,1956
les pas perdus,tt0302905,1964
le sauvage,tt0073663,1975
"molchi, grust... molchi",tt0497639,1918
straightheads,tt0480011,2007
césar et rosalie,tt0068441,1972
luna de miel,tt0053023,1959
la califfa,tt0065516,1970
"sick: the life & death of bob flanagan, supermasochist",tt0120126,1997
the scamp,tt0050934,1957
cuando canta el corazón,tt0279030,1941
seven waves away,tt0050091,1957
uncle silas,tt0039492,1947
la bestia in calore,tt0076649,1977
frække frida og de frygtløse spioner,tt0124622,1994
j'ai pas sommeil,tt0110171,1994
ever after,tt0120631,1998
hanamizuki,tt1629284,2010
the ringer,tt0023404,1931
yogen,tt0419280,2004
estômago,tt1039960,2007
de vijanden,tt0199128,1968
le avventure di mandrin,tt0043305,1952
la prima notte di quiete,tt0069120,1972
mon oncle d'amérique,tt0081176,1980
con las alas rotas,tt0190320,1938
red ensign,tt0025704,1934
kulový blesk,tt0077821,1979
paw,tt0053158,1959
meu nome não é johnny,tt1092016,2008
nadie oyó gritar,tt0070432,1973
republik twitter,tt2205482,2012
tribes,tt0066490,1970
le lieu du crime,tt0091410,1986
flåklypa grand prix,tt0073000,1975
inseminoid,tt0084090,1981
le guêpier,tt0073085,1976
jungdok,tt0336678,2002
bulandi,tt0250278,1990
les rendez-vous de paris,tt0114266,1995
der hauptmann von köpenick,tt0021943,1931
brief ecstasy,tt0028663,1937
barnens ö,tt0080419,1980
bamako,tt0814666,2006
"kaasua, komisario palmu!",tt0055038,1961
awaragira,tt0423845,1990
família vende tudo,tt2006109,2011
state secret,tt0042522,1950
the last page,tt0044871,1952
alyah,tt2339351,2012
l'innocente,tt0074686,1976
loin,tt0258242,2001
fuego sagrado,tt0315614,1950
noored kotkad,tt0018208,1927
mademoiselle mozart,tt0204458,1936
la bête humaine,tt0029957,1938
bienvenue chez les ch'tis,tt1064932,2008
les parents terribles,tt0040682,1948
la casa 3,tt0093090,1988
femeia visurilor,tt0461950,2005
sutjeska,tt0070758,1973
the punk rock movie,tt0207685,1978
bajo bandera,tt0176501,1997
nella città l'inferno,tt0051986,1959
zeder,tt0086636,1983
saraband for dead lovers,tt0040758,1948
the second arrival,tt0122961,1998
de illusionist,tt0087456,1983
your witness,tt0043154,1950
amici per la pelle,tt0047822,1955
belinda,tt0094728,1988
gitarren der liebe,tt0047028,1954
labbra rosse,tt0141531,1960
de lift,tt0087622,1983
sons of matthew,tt0041900,1949
un tour de manège,tt0092131,1989
bulldog jack,tt0024933,1935
30 winchester per el diablo,tt0058862,1965
manuela,tt0051017,1957
milae,tt0341470,2002
ai-fak,tt0414808,2004
así no hay cama que aguante,tt0203318,1980
fräulein veronika,tt0027648,1936
mon meilleur ami,tt0778784,2006
footskating 101,tt0831853,2007
batoru rowaiaru ii: chinkonka,tt0338763,2003
boniface somnambule,tt0043355,1951
pigen og greven,tt0124058,1966
drop dead darling,tt0060128,1966
jägarna,tt0116736,1996
como esquecer,tt1735853,2010
l'adversaire,tt0273069,2002
man from tangier,tt0050677,1957
face-off,tt0068564,1971
tackle happy,tt0236783,2000
chakushin ari 2,tt0451010,2005
trottie true,tt0041989,1949
kaerazaru hibi,tt0241617,1978
biswaprakash,tt1407158,1999
the tunnel,tt0027131,1935
yotsuya kaidan,tt0226538,1956
alle jahre wieder,tt0061346,1967
the gravy train,tt0071575,1974
les saignantes,tt0471367,2005
saint ange,tt0367000,2004
made in america,tt0479044,2008
feelings,tt0147706,1976
l'important c'est d'aimer,tt0073155,1975
sierra leone's refugee all stars,tt0495750,2005
le tigre se parfume à la dynamite,tt0061095,1965
genova,tt0791303,2008
kummeli kultakuume,tt0133906,1997
fantômas contre scotland yard,tt0060400,1967
une femme est une femme,tt0055572,1961
extraña invasión,tt0059754,1965
un'anguilla da 300 milioni,tt0065406,1971
un guapo del '900,tt0053881,1960
ranmuthu duwa,tt1023473,1962
è arrivato l'accordatore,tt0045359,1952
charlie ve'hetzi,tt0133689,1974
the long arm,tt0049845,1956
nick carter et le trèfle rouge,tt0141658,1965
requiem pro panenku,tt0102774,1992
mantrap,tt0046041,1953
j'ai rêvé sous l'eau,tt1065444,2008
the missing rembrandt,tt0023231,1932
perjura,tt0180047,1938
white face,tt0144008,1932
air,tt0807703,2005
coklat stroberi,tt1053231,2007
la nemica,tt0044959,1952
die weiße rose,tt0084897,1982
hanayome-san wa sekai-ichi,tt0404094,1959
un milliard dans un billard,tt0059103,1965
drømmen,tt0425235,2006
les petites vacances,tt0459502,2006
bjarnfreðarson,tt1534397,2009
"soft beds, hard battles",tt0070855,1974
der ewige jude,tt0156524,1940
fimpen,tt0071498,1974
"no sos vos, soy yo",tt0378453,2004
the dictator,tt0026657,1935
à double tour,tt0053473,1959
en attendant les hommes,tt1645750,2007
vespro siciliano,tt0042021,1949
pretty polly,tt0061960,1967
profumo di donna,tt0072037,1974
night of the demon,tt0050766,1957
klassfesten,tt0297234,2002
la caza,tt0060223,1966
ballade på christianshavn,tt0066807,1971
the beast,tt0094716,1988
garçon!,tt0085576,1983
anata e,tt2034618,2012
frauengefängnis,tt0073017,1976
il giorno della civetta,tt0063010,1968
der einstein des sex,tt0161542,1999
mi novia el...,tt0182317,1975
la hora de maría y el pájaro de oro,tt0189583,1975
time bomb,tt0046432,1953
vessel of wrath,tt0030933,1938
hosszú vágta,tt0085688,1983
la vendedora de rosas,tt0157154,1998
"patrik 1,5",tt1067733,2008
le grand alibi,tt0991347,2008
de komst van joachim stiller,tt0122571,1976
inspector hornleigh goes to it,tt0033757,1941
les amours d'astrée et de céladon,tt0823240,2007
drei unteroffiziere,tt0031249,1939
avp: alien vs. predator,tt0370263,2004
il male oscuro,tt0100097,1990
ore kadal,tt0997170,2007
ljeto u zlatnoj dolini,tt0353671,2003
el día que me quieras,tt0182059,1969
sahara,tt0088032,1984
outing riley,tt0379265,2004
i huvet på en gammal gubbe,tt0063120,1968
the outback,tt1867086,2012
profondo rosso,tt0073582,1975
alam ara,tt0021594,1931
aikalainen,tt0140795,1984
sky west and crooked,tt0060484,1966
siempre es difícil volver a casa,tt0105405,1992
hôtel du nord,tt0030252,1938
il mostro di venezia,tt0060716,1965
pimienta y pimentón,tt0178832,1970
dek hor,tt0495824,2006
le bambole,tt0058938,1965
punto y raya,tt0379463,2004
el aura,tt0420509,2005
la vérité sur bébé donge,tt0045302,1952
na sybir,tt0285765,1930
aankhen,tt0214404,1950
the call of the wild,tt0026164,1935
carcerato,tt0043382,1951
les aventures des schtroumpfs,tt0233263,1965
el signo de la muerte,tt0161976,1939
le roi danse,tt0244173,2000
le beau mariage,tt0082053,1982
mayis sikintisi,tt0234217,1999
vlak u snijegu,tt0076893,1976
36 pasos,tt0806008,2006
buud yam,tt0118805,1997
die abenteuer des prinzen achmed,tt0015532,1926
pas question le samedi,tt0158070,1965
mivtsa yonatan,tt0076398,1977
det skete på møllegården,tt0054314,1960
une chambre en ville,tt0084843,1982
rag doll,tt0250682,1961
pan tadeusz,tt0170351,1999
sen ne dilersen,tt0486720,2005
ring of spies,tt0057458,1964
bryllupsfesten,tt0131988,1989
agni varsha,tt0326722,2002
mayrig,tt0102421,1991
más negro que la noche,tt0223777,1975
nosso lar,tt1467388,2010
la herencia,tt0177832,1964
vi er allesammen tossede,tt0053417,1959
o pátio das cantigas,tt0035228,1942
la fièvre monte à el pao,tt0052810,1959
boyband,tt1266615,2010
kakashi,tt0296032,2001
hrdinný kapitán korkorán,tt0170017,1934
luna de avellaneda,tt0347449,2004
howling ii: stirba - werewolf bitch,tt0089308,1985
mantrap,tt0262602,1983
outrage,tt1023344,2009
la passante du sans-souci,tt0084479,1982
fasulye,tt0263334,2000
reshma aur shera,tt0067668,1971
karasu no oyayubi,tt2005255,2012
duell vor sonnenuntergang,tt0059134,1965
a little bit of fluff,tt0019103,1928
le grand chemin,tt0093111,1987
sirf tum,tt0244794,1999
claretta,tt0087064,1984
kalam marindi,tt0325672,1972
parineeta,tt0158066,1942
marius et jeannette,tt0119620,1997
les malheurs d'alfred,tt0067385,1972
sessomatto,tt0070669,1973
besos perdidos,tt0200480,1945
rotkäppchen,tt0056430,1962
divotvorný klobouk,tt0150341,1953
nabi,tt0293442,2001
confesión a laura,tt0101610,1990
dreyfus,tt0020843,1930
amour,tt0124279,1970
mon fils à moi,tt0446370,2006
el harrif,tt0327835,1983
fanny by gaslight,tt0036814,1944
percy's progress,tt0071677,1974
the great barrier,tt0028951,1937
fantômas se déchaîne,tt0059168,1965
"job, czyli ostatnia szara komórka",tt0932533,2006
dupe od mramora,tt0112914,1995
controsesso,tt0057964,1964
metegol,tt1634003,2013
shiza,tt0406216,2004
tais-toi!,tt0310203,2003
sogni d'oro,tt0083102,1981
v trestném území,tt0212582,1951
il posto,tt0055320,1961
la mariée était en noir,tt0061955,1968
o pagador de promessas,tt0056322,1962
entotsu no mieru basho,tt0045731,1953
joey,tt0089378,1985
cone of silence,tt0054762,1960
love and other impossible pursuits,tt1032825,2009
the night we called it a day,tt0320159,2003
salto nel vuoto,tt0079845,1980
la valse de paris,tt0042013,1950
dead time: kala,tt0946998,2007
oz,tt0075030,1976
operazione san gennaro,tt0062080,1966
'n beetje verliefd,tt0800164,2006
með allt á hreinu,tt0177924,1982
the untold,tt0265944,2002
le grand soir,tt2008562,2012
viel lärm um nichts,tt0057658,1964
cameriera bella presenza offresi...,tt0043373,1951
jag är din krigare,tt0119397,1997
une femme douce,tt0065152,1969
het gangstermeisje,tt0060447,1966
la traite des blanches,tt0143949,1965
kilomètre zéro,tt0459668,2005
nos jours heureux,tt0478566,2006
das fräulein,tt0476999,2006
tatie danielle,tt0100747,1990
marquis de sade: justine,tt0062870,1969
el verdugo,tt0057643,1963
the magic roundabout,tt0339334,2005
corruzione al palazzo di giustizia,tt0071363,1975
curtain call,tt0119505,1998
donde mueren las palabras,tt0036770,1946
there was a little girl,tt0093468,1981
dead men are dangerous,tt0031218,1939
le temps du loup,tt0324197,2003
high school musical: el desafío,tt1283913,2008
bajarse al moro,tt0094705,1989
trop de bonheur,tt0111497,1994
the woman in question,tt0043140,1950
la chute de la maison usher,tt0018770,1928
zvony z rákosu,tt1464611,1951
la bestia debe morir,tt0201477,1952
neues vom hexer,tt0059501,1965
1981,tt1286159,2009
a cottage on dartmoor,tt0020793,1929
napoléon,tt0048413,1955
der postmeister,tt0032935,1940
la noche de los mayas,tt0031729,1939
meglio vedova,tt0064653,1968
il postino,tt0110877,1994
les yeux cernés,tt0217895,1964
formosa,tt0382038,2005
livestock,tt1337510,2009
cannabis,tt0064126,1970
"moustapha alassane, cinéaste du possible",tt8412292,2009
ek rishtaa: the bond of love,tt0284083,2001
chiec chia khoa vang,tt0295199,2001
los dioses ajenos,tt0201568,1958
seefood,tt1891905,2011
oi xenitemenoi,tt0220867,1972
el hombre invisible ataca,tt0061774,1967
aurat,tt0061370,1967
la bonne année,tt0069815,1973
it's in the air,tt0030283,1938
vidas secas,tt0057654,1963
dreyfus,tt0021819,1931
aidankaatajat eli heidän jälkeensä vedenpaisumus,tt0083529,1982
thick as thieves,tt1112782,2009
"io uccido, tu uccidi",tt0059317,1965
una cita de amor,tt0049079,1958
angoroj,tt0229990,1964
renegade,tt0095975,1987
les femmes s'en balancent,tt0141083,1954
baruto no gakuen,tt0484095,2006
shchors,tt0031919,1939
por la puerta falsa,tt0042853,1950
os mutantes,tt0120763,1998
the life of shakespeare,tt0221347,1914
the frightened lady,tt0022920,1932
atto di dolore,tt0101378,1990
sword of the valiant: the legend of sir gawain and the green knight,tt0084750,1984
nieng arp,tt3305248,2004
iron eagle iv,tt0113438,1995
rokk í reykjavík,tt0281138,1982
piel de verano,tt0055299,1961
crossing,tt0370433,2007
hans och hennes,tt0268346,2001
"je t'aime, je t'aime",tt0063152,1968
the fog of war: eleven lessons from the life of robert s. mcnamara,tt0317910,2003
mukhra,tt0251281,1988
les gens du voyage,tt0169942,1938
el viejo hucha,tt0035517,1942
"abbott and costello meet the killer, boris karloff",tt0041085,1949
murder a la mod,tt0163114,1968
efectos secundarios,tt0459127,2006
rekava,tt0337088,1956
sas 181 antwortet nicht,tt0345880,1959
the wind in the willows,tt0118172,1996
gumapang ka sa lusak,tt0099717,1990
ungu violet,tt0470953,2005
kameradschaft,tt0022017,1931
une étrange affaire,tt0083257,1981
the amorous prawn,tt0055746,1962
la pasión desnuda,tt0045010,1953
morgenrot,tt0024352,1933
the criminal,tt0053740,1960
abel,tt0090579,1986
la belle que voilà,tt0139062,1950
the she beast,tt0061005,1966
nine to five,tt0080319,1980
el espíritu de la colmena,tt0070040,1973
lo sai che i papaveri,tt0044846,1952
absolute evil,tt1343076,2009
avivato,tt0181968,1949
"ladro lui, ladra lei",tt0051838,1958
hlemmur,tt0436396,2002
the road home,tt0327116,2003
un homme qui dort,tt0192718,1974
mis días con verónica,tt0079564,1980
misión lisboa,tt0059449,1965
la symphonie pastorale,tt0039004,1946
the tommy steele story,tt0050907,1957
cheech & chong's the corsican brothers,tt0087042,1984
razzia,tt0039752,1947
il colosso di rodi,tt0054756,1961
l'onorevole angelina,tt0039682,1947
vinterland,tt0947095,2007
la bataille de san sebastian,tt0062713,1968
cosas de mujer,tt0199427,1951
ran salu,tt0173104,1967
brenno il nemico di roma,tt0056888,1963
sea of sand,tt0051532,1958
valle negro,tt0181877,1943
besos en la frente,tt0135157,1996
assunta spina,tt0039163,1948
soigne ta droite,tt0094002,1987
588 rue paradis,tt0103601,1992
le trou,tt0054407,1960
van de koele meren des doods,tt0084849,1982
send for paul temple,tt0127272,1946
sista kontraktet,tt0122573,1998
sexo con amor,tt0363292,2003
paix sur les champs,tt0066198,1970
dedicatoria,tt0080604,1980
f.i.s.t,tt0077531,1978
yo maté a facundo,tt0186716,1975
dolce e selvaggio,tt0155677,1983
raskolnikow,tt0014397,1923
der verlorene,tt0044188,1951
la parte del león,tt0078059,1978
animals are beautiful people,tt0071143,1974
utsab,tt0287781,2000
majboor,tt0071800,1974
global heresy,tt0269281,2002
l'amour braque,tt0088714,1985
pollen,tt1222816,2011
le crime ne paie pas,tt0054769,1962
la chamade,tt0062789,1968
the day will dawn,tt0034639,1942
i cento passi,tt0238891,2000
caboblanco,tt0080485,1980
you instead,tt1672845,2011
passionate summer,tt0052053,1958
el infierno,tt1692190,2010
los muchachos de antes no usaban gomina,tt0029271,1937
midnight menace,tt0029240,1937
hagiga b'snuker,tt0152492,1975
largo viaje,tt0061891,1967
laughter and tears,tt0012380,1921
corazones de mujer,tt1185590,2008
holocaust 2000,tt0077332,1977
janosik. prawdziwa historia,tt1467134,2009
exponerad,tt0067076,1971
the net,tt0046123,1953
dont look back,tt0061589,1967
"lisa, lisa",tt0075710,1977
le prix du danger,tt0084540,1983
lo chiameremo andrea,tt0068871,1972
la polizia accusa: il servizio segreto uccide,tt0075083,1975
la película,tt0193397,1975
la fugue de monsieur perle,tt0044643,1952
det sande ansigt,tt0043990,1951
ahí está el detalle,tt0032186,1940
love from a stranger,tt0029171,1937
friesennot,tt0242468,1935
i picari,tt0095866,1987
matando cabos,tt0380538,2004
maratón,tt0063274,1968
la dernière femme,tt0075364,1976
le notti di cabiria,tt0050783,1957
ju-on 2,tt0330501,2000
hwangsanbul,tt0378078,2003
acción mutante,tt0106215,1993
il cappotto,tt0044474,1952
caballos salvajes,tt0112609,1995
joan of arc,tt0151137,1999
"girolimoni, il mostro di roma",tt0068641,1972
la zona,tt1039652,2007
les abysses,tt0188388,1963
plavi 9,tt0042847,1950
battle of britain,tt0064072,1969
this man in paris,tt0032026,1939
pappa ante portas,tt0102629,1991
aileen wuornos: the selling of a serial killer,tt0103634,1992
i fuorilegge del matrimonio,tt0057084,1963
les jeux de l'amour,tt0053964,1960
drake of england,tt0026294,1935
hey dj,tt0322621,2003
le récif de corail,tt0030706,1939
sant dnyaneshwar,tt0158914,1940
el poder de las tinieblas,tt0175045,1979
silks and saddles,tt0012689,1921
el infierno tan temido,tt0080924,1980
los gauchos judíos,tt0071538,1975
moordwijven,tt0948532,2007
the half life of timofey berezin,tt0472156,2006
l'amant de cinq jours,tt0054621,1961
winnetou - 3. teil,tt0059915,1965
the end of the road,tt0027572,1936
een vreemde vogel,tt0290101,1967
teresa venerdì,tt0034268,1941
the visual bible: matthew,tt0301359,1993
una noche con sabrina love,tt0247887,2000
djinns,tt1372689,2010
breve cielo,tt0144119,1969
es geschah am hellichten tag,tt0051588,1958
roselyne et les lions,tt0098226,1989
top secret,tt0045244,1952
el gran calavera,tt0041423,1949
le voyage à alger,tt1593719,2009
viktor und viktoria,tt0024736,1933
qui comincia l'avventura,tt0073598,1975
merisairas,tt0117026,1996
paprika,tt0023317,1932
sone yay,tt1416785,1990
the man with rain in his shoes,tt0138590,1998
dreaming of julia,tt0251677,2003
the intern,tt0202989,2000
mästerdetektiven lever farligt,tt0050740,1957
los miedos,tt0187281,1980
itsuka dokusho suruhi,tt0478706,2005
koizora,tt1194664,2007
mon oncle antoine,tt0067439,1971
i live in grosvenor square,tt0037801,1945
i figli di nessuno,tt0043532,1951
corazón iluminado,tt0120674,1998
fukkatsu no hi,tt0080768,1980
manon 70,tt0063271,1968
squadra antitruffa,tt0076754,1977
le corniaud,tt0057967,1965
den bästa sommaren,tt0204932,2000
le miracle des loups,tt0055182,1961
l'immorale,tt0061808,1967
amandla! a revolution in four part harmony,tt0303297,2002
la gran aventura del zorro,tt0288551,1976
lancelot du lac,tt0071737,1974
mongol,tt0416044,2007
klatretøsen,tt0296712,2002
rosarigasinos,tt0282129,2001
eijanaika,tt0082313,1981
puteri gunung ledang,tt0420101,2004
a question of adultery,tt0053200,1958
ana y los lobos,tt0068207,1973
doctor in clover,tt0060321,1966
historia de una noche,tt0033719,1941
a canção da saudade,tt0057913,1964
"sheba, baby",tt0073697,1975
apartado de correos 1001,tt0042201,1950
loose screws,tt0089501,1985
l'enfer,tt0109731,1994
la casa 5,tt0103802,1990
fotógrafo de señoras,tt0195723,1978
kuntilanak,tt0893534,2006
tout va bien,tt0069398,1972
lotrando a zubejda,tt0119568,1997
cocksucker blues,tt0068389,1972
rondo,tt0060912,1966
malèna,tt0213847,2000
fu gui bi ren,tt0091090,1987
ik omhels je met 1000 armen,tt0450440,2006
kala malam bulan mengambang,tt1170359,2008
hana yori dango,tt0889194,1995
la donna che inventò l'amore,tt0044559,1952
regeneration,tt0120001,1997
the honorary consul,tt0085236,1983
marupakkam,tt1943756,1990
la peau douce,tt0058458,1964
going back,tt0243278,2001
los cachorros,tt0066877,1973
oom ferdinand en de toverdrank,tt0071946,1974
prince of jutland,tt0110891,1994
depan bisa belakang bisa,tt1037724,1987
van god los,tt0288861,2003
a romance in flanders,tt0029495,1937
o sangue,tt0098252,1989
operación rosa rosa,tt0188979,1974
the pope must die,tt0102691,1991
pokrajina st.2,tt1288482,2008
natsu e no tobira,tt1630606,1981
shwaas,tt0396962,2004
sista dansen,tt0108146,1993
la setta,tt0100581,1991
le bar du téléphone,tt0165100,1980
farlig ungdom,tt0045751,1953
wherever you are,tt1127227,2008
say anything...,tt0098258,1989
strømer,tt0075277,1976
orphan of the wilderness,tt0122200,1936
she'll follow you anywhere,tt0067126,1971
le gentleman de cocody,tt0058137,1965
the wonder kid,tt0043146,1951
terje vigen,tt0008663,1917
tora,tt0490013,2004
la vie d'un honnête homme,tt0045293,1953
la montagna di luce,tt0128358,1965
deadline,tt0092844,1987
desa nisa,tt0449906,1972
smash and grab,tt0033813,1937
game over: kasparov and the machine,tt0379296,2003
tjenare kungen,tt0423382,2005
el intruso,tt0219832,1944
mr. arkadin,tt0048393,1955
death wish v: the face of death,tt0109578,1994
el abuelo,tt0176415,1998
l'ultimo treno della notte,tt0073836,1975
under the greenwood tree,tt0020532,1929
chirusoku no natsu,tt0452007,2003
hay que romper la rutina,tt0071601,1974
jules verne's rocket to the moon,tt0062363,1967
100% arabica,tt0156245,1997
virgin island,tt0052370,1958
nocturno de amor,tt0039665,1948
rasen,tt0134928,1998
dark descent,tt0271451,2002
artists and models,tt0028587,1937
the happy family,tt0044686,1952
brancaleone alle crociate,tt0065489,1970
"c'est pas moi, je le jure!",tt1163752,2008
gran bollito,tt0076099,1977
cuando florezca el naranjo,tt0186934,1943
vina vladimíra olmera,tt0171892,1956
mecánica nacional,tt0134817,1972
solos en la madrugada,tt0078292,1978
latin quarter,tt0038684,1945
chemman chaalai,tt0445283,2005
puerto nuevo,tt0121662,1936
almejas y mejillones,tt0261521,2000
client 9: the rise and fall of eliot spitzer,tt1638362,2010
la ragazza che sapeva troppo,tt0057443,1963
nouvelle chance,tt0487469,2006
en el nombre del hijo,tt0303962,1987
plane dead,tt0780583,2007
ima hitotabi no,tt0037815,1947
el caballo del pueblo,tt0026161,1935
libera uscita,tt0043740,1951
ewiger wald,tt0273201,1936
esther waters,tt0040328,1948
le fate ignoranti,tt0274497,2001
jalitgeola,tt0322813,1927
les amitiés particulières,tt0057842,1964
the red beret,tt0046161,1953
sa pusod ng dagat,tt0143849,1998
o homem do futuro,tt2027178,2011
vuk,tt0131636,1981
war-gods of the deep,tt0059895,1965
happy ever after,tt0047595,1954
gosti iz galaksije,tt0082466,1981
febbre da cavallo,tt0074520,1976
las aventuras de dios,tt0261546,2000
there is another sun,tt0044120,1951
desyat negrityat,tt0092879,1987
prema pustagam,tt2373606,1993
o homem que copiava,tt0367859,2003
anytown,tt1169133,2009
somtum,tt1251761,2008
la croix des vivants,tt0126847,1962
l'enfer,tt0430224,2005
l'amore difficile,tt0055745,1962
the incident,tt1027820,2011
su-ki-da,tt0781511,2005
kosh ba kosh,tt0107340,1993
merci docteur rey,tt0338249,2002
"el mismo amor, la misma lluvia",tt0210843,1999
urumi,tt1745863,2011
"bertoldo, bertoldino e cacasenno",tt0086954,1984
babo,tt1233461,2008
nowhere to go but up,tt0332281,2003
paradise for two,tt0029375,1937
the nipper,tt0174070,1930
así es la mujer,tt0179654,1936
procès de jeanne d'arc,tt0059616,1962
south of algiers,tt0046349,1953
la intrusa,tt0045916,1954
alibaba aur 40 chor,tt0079749,1980
lucía y el sexo,tt0254455,2001
sang penari,tt1989598,2011
parineeta,tt0232280,1969
murder at the windmill,tt0041669,1949
samayou yaiba,tt1415224,2009
una regina per cesare,tt0056401,1962
voces inocentes,tt0387914,2004
las pirañas aman en cuaresma,tt0323647,1969
el fantasma del convento,tt0025100,1934
um null uhr schnappt die falle zu,tt0061137,1966
deliria,tt0092576,1987
prima comunione,tt0042859,1950
du pic au coeur,tt0259991,2001
tempo di uccidere,tt0100762,1989
21 days,tt0032179,1940
der schatz der azteken,tt0059682,1965
tsukihime keizu,tt1161069,1958
baronessen fra benzintanken,tt0053636,1960
memorias del subdesarrollo,tt0063291,1968
alraune,tt0017621,1928
le farò da padre,tt0155830,1974
pouvoir intime,tt0091785,1986
boom,tt0330082,2003
baddegama,tt0080409,1980
zeta one,tt0065243,1969
enas delikanis,tt0196532,1963
bakuto gaijin butai,tt0066806,1971
bienvenue chez les rozes,tt0321440,2003
tall timbers,tt0122282,1937
shantham,tt0290068,2001
matir moina,tt0319836,2002
chandni chowk to china,tt1091229,2009
la chair de l'orchidée,tt0071297,1975
giovanna d'arco al rogo,tt0047026,1954
"hipólito, el de santa",tt0041467,1950
domenica d'agosto,tt0041303,1950
la fiammata,tt0044613,1952
minna no ie,tt0307162,2001
czas zdrady,tt0236131,1997
lalach,tt0245222,1983
the demi-paradise,tt0035793,1943
el desencanto,tt0074398,1976
the 14,tt0070921,1973
500 person sex,tt22077158,2006
l'eclisse,tt0056736,1962
il secondo tragico fantozzi,tt0075178,1976
l'incendio di roma,tt0057179,1965
the get-away,tt0033577,1941
country dance,tt0065581,1970
kai po che!,tt2213054,2013
koisuru onnatachi,tt0317846,1986
retrato de familia,tt0075131,1976
carica eroica,tt0044482,1952
the battle,tt0025892,1934
maelström,tt0220627,2000
pakten,tt0114075,1995
les larmes de l'émigration,tt21106254,2010
tilaï,tt0100784,1990
les enfants terribles,tt0042436,1950
the gelignite gang,tt0049254,1956
southern love,tt0177243,1924
oru cheru punchiri,tt0355859,2000
geen paniek,tt0070095,1973
death on the set,tt0027505,1935
j'accuse!,tt0031503,1938
gilsoddeum,tt0089205,1986
confessions d'un barjo,tt0104003,1992
the siege of pinchgut,tt0053278,1959
d@bbe,tt0782037,2006
la ley que olvidaron,tt0178702,1938
678,tt1764141,2010
may minamahal,tt0318434,1993
jönssonligan får guldfeber,tt0087527,1984
l'uomo che viene da canyon city,tt0060874,1965
jacquot de nantes,tt0102141,1991
himala,tt0125144,1982
heimkehr,tt0033702,1941
pelikaanimies,tt0372461,2004
(500) days of summer,tt1022603,2009
zohi sdom,tt1675197,2010
avpr: aliens vs predator - requiem,tt0758730,2007
the caretaker,tt0058164,1963
elsa y fred,tt0453047,2005
4 aventures de reinette et mirabelle,tt0090565,1987
the life of rufus dawes,tt0001731,1911
j'en suis!,tt0119392,1997
astrópía,tt0840046,2007
bloedverwanten,tt0075769,1977
do bhai,tt0039327,1947
l'homme de rio,tt0058203,1964
mahapurush,tt0059417,1965
konjanik,tt0339266,2003
el clavo,tt0036714,1944
ayam el-sadat,tt0289080,2001
dil bole hadippa!,tt1202540,2009
the secret of the sword,tt0089984,1985
mangatyanan,tt1424067,2009
totò a colori,tt0045247,1952
follow that camel,tt0061680,1967
il decameron,tt0065622,1971
fetih 1453,tt1783232,2012
cacería,tt0284935,2002
sieg im westen,tt0197879,1941
les trois frères,tt0114732,1995
abre los ojos,tt0125659,1997
le vieux fusil,tt0073864,1975
atrapadas,tt0190984,1984
la discoteca del amor,tt0080633,1980
comedian harmonists,tt0128133,1997
twee vrouwen,tt0080051,1979
genuine,tt0011221,1920
das totenschiff,tt0053369,1959
entre el barro,tt0180673,1939
the 51st state,tt0227984,2001
seven sinners,tt0028240,1936
kampen om næsbygård,tt0058255,1964
il sopravvissuto,tt0208459,1916
la tulipe noire,tt0058692,1964
albino,tt0074108,1976
traitor spy,tt0033176,1939
wilt,tt0097891,1989
noll tolerans,tt0198837,1999
boj na kosovu,tt0096966,1989
battle of the v-1,tt0051402,1958
the inspector,tt0056187,1962
aera! aera! aera!,tt0231093,1972
amantes,tt0101317,1991
the blarney stone,tt0154240,1933
l'alpagueur,tt0074123,1976
dark waters,tt0110242,1994
amor último modelo,tt0178236,1942
los olvidados,tt0042804,1950
gerboise bleue,tt1370372,2009
la vírgen morena,tt0235007,1942
shakha proshakha,tt0100587,1990
la dama de beirut,tt0059081,1965
le mouton noir,tt0249028,1992
trial by combat,tt0074409,1976
menschen im käfig,tt0021142,1930
austerlitz,tt0053638,1960
mi primera novia,tt0183514,1965
the courtneys of curzon street,tt0039281,1947
cash,tt0023873,1933
evolusi kl drift,tt1606214,2008
la pelota vasca. la piel contra la piedra,tt0382898,2003
jongno,tt18364228,1933
agentti 000 ja kuoleman kurvit,tt0140793,1983
gli anni ruggenti,tt0055753,1962
maldeamores,tt0790709,2007
agraharathil kazhuthai,tt0077131,1977
tiga abdul,tt0278094,1964
chai lai,tt0756204,2006
yoga hakwon,tt1599378,2009
el fondo del mar,tt0322298,2003
1732 høtten,tt0157411,1998
johnny,tt0187188,1980
quill,tt0400761,2004
the alibi,tt0409681,2006
racconti d'estate,tt0052110,1958
the woman with no name,tt0043143,1950
life with the lyons,tt0047179,1954
nankyoku monogatari,tt0085991,1983
ceniza al viento,tt0199407,1942
hors de prix,tt0482088,2006
a intrusa,tt0084146,1979
the broken melody,tt0024917,1934
iznogoud,tt0402294,2005
das experiment,tt0250258,2001
katy perry: part of me,tt2215719,2012
chillar party,tt1841542,2011
il ladro di venezia,tt0042662,1950
entre onze heures et minuit,tt0143235,1949
victim five,tt0058632,1964
cilada.com,tt1988573,2011
mauvaise graine,tt0025480,1934
blinky bill,tt0103837,1992
"ich für dich, du für mich",tt0025291,1934
the reluctant widow,tt0043963,1950
thérèse desqueyroux,tt0056581,1962
det store løb,tt0045194,1952
l'ennui,tt0168740,1998
le gendarme et les gendarmettes,tt0083996,1982
milano calibro 9,tt0067429,1972
shatranj ke khilari,tt0076696,1977
morgan: a suitable case for treatment,tt0060714,1966
domingo de carnaval,tt0037652,1945
el hombre del sábado,tt0143291,1947
il delitto matteotti,tt0069960,1973
the blue man,tt0088830,1985
farebi,tt0357651,1974
downstream,tt1229236,2010
comedia rota,tt0182009,1978
the hand of night,tt0060154,1968
mi mujer no es mi señora,tt0077927,1978
cela s'appelle l'aurore,tt0047925,1956
the drawn together movie: the movie!,tt1546036,2010
fanatic,tt0059106,1965
"angélique, marquise des anges",tt0057846,1964
gideon's day,tt0051655,1958
het dak van de walvis,tt0083783,1982
die nibelungen: kriemhilds rache,tt0015174,1924
aquellos años locos,tt0182727,1971
when were you born,tt0030968,1938
i sette nani alla riscossa,tt0044023,1951
major movie star,tt1034320,2008
une partie de plaisir,tt0072342,1975
ekhrajiha,tt1388418,2007
l'empire des loups,tt0402158,2005
personal velocity: three portraits,tt0295238,2002
landru,tt0056165,1963
la bête lumineuse,tt0129807,1982
ajooba kudrat ka,tt0259842,1991
butterfly on a wheel,tt0489664,2007
río escondido,tt0039793,1948
døden er et kjærtegn,tt0136099,1949
miss mend,tt0017159,1926
phasma ex machina,tt1303782,2010
giv gud en chance om søndagen,tt0065783,1970
las locas,tt0183413,1977
de ijssalon,tt0089323,1985
dharm,tt1047459,2007
menuet,tt0139459,1982
escándalo en la familia,tt0061629,1967
disco fever,tt0077440,1978
al filo de la ley,tt0101288,1992
l'aveu,tt0065439,1970
inspecteur lavardin,tt0091270,1986
the scarlet blade,tt0056963,1963
la collectionneuse,tt0061495,1967
kapurush,tt0059348,1965
un flic,tt0067900,1972
the white sheik,tt0019575,1928
the triumph of the scarlet pimpernel,tt0019356,1928
ruk jung,tt0817953,2006
the curse of the wraydons,tt0038442,1946
gibraltar,tt0058357,1964
zazie dans le métro,tt0054494,1960
licensed to love and kill,tt0079632,1979
salve geral,tt1526306,2009
nazarín,tt0051983,1959
y mabinogi,tt0376995,2003
le majordome,tt0059419,1965
2 days in paris,tt0841044,2007
le corbeau,tt0035753,1943
los afincaos,tt0335830,1941
la endemoniada,tt0280637,1968
la porta del cielo,tt0038852,1945
"bon cop, bad cop",tt0479647,2006
death weekend,tt0075922,1976
land without music,tt0027866,1936
princess ka'iulani,tt1185344,2009
va savoir,tt0242994,2001
el barro humano,tt0178261,1955
escuela de vagabundos,tt0046961,1955
max manus,tt1029235,2008
our girl friday,tt0048458,1953
le rouge et le noir,tt0047432,1954
le cap de l'espérance,tt0135178,1951
"it's trad, dad!",tt0055026,1962
lorna,tt0058301,1964
allah ke banday,tt1292642,2010
tudor rose,tt0028033,1936
il tesoro della foresta pietrificata,tt0059757,1965
the bugs bunny/road runner movie,tt0078915,1979
the late edwina black,tt0043726,1951
le bateau sur l'herbe,tt0065454,1971
le déclin de l'empire américain,tt0090985,1986
l'avventura,tt0053619,1960
os cafajestes,tt0055821,1962
ratko: the dictator's son,tt1052027,2009
circumstantial evidence,tt0179723,1952
procesado 1040,tt0186465,1958
kampf um rom i,tt0063174,1968
pariah,tt0151905,1998
bodas de sangre,tt0082088,1981
das wilde leben,tt0764639,2007
sheitan,tt0450843,2006
d-war,tt0372873,2007
numéro deux,tt0073471,1975
sur la piste du marsupilami,tt1723642,2012
ongewijde aarde,tt0253411,1967
un taxi mauve,tt0076851,1977
go for a take,tt0068500,1972
mcteague,tt0005733,1916
vacaciones,tt0192735,1947
el cura gaucho,tt0034628,1941
jedda,tt0048227,1955
hay que casar a ernesto,tt0190444,1941
saturno contro,tt0890885,2007
the card,tt0045056,1952
les musiciens du ciel,tt0161836,1940
flying,tt0091065,1986
questa volta parliamo di uomini,tt0059627,1965
una mujer sin amor,tt0043824,1952
happy days are here again,tt0219073,1936
moe no suzaku,tt0119687,1997
monrak transistor,tt0306359,2001
girl in the headlines,tt0057103,1963
waisa bhi hota hai part ii,tt0387678,2003
qi xiao fu,tt0095937,1988
el pibe cabeza,tt0075064,1975
chompa toung,tt6562828,1974
garo: red requiem,tt1554970,2010
les plus belles escroqueries du monde,tt0058480,1964
tajna starog tavana,tt0182479,1984
parash pathar,tt0052046,1958
la rage au corps,tt0136484,1954
interpol,tt0050841,1957
the sky ranger,tt0012700,1921
teen kanya,tt0055508,1961
derrière les murs,tt1642194,2011
rich and strange,tt0023395,1931
le couperet,tt0422015,2005
drona,tt1060249,2008
bill cunningham new york,tt1621444,2010
apur sansar,tt0052572,1959
lotna,tt0053019,1959
city of song,tt0020769,1931
la vita agra,tt0061157,1964
bride of frankenstein,tt0026138,1935
buscando a miguel,tt0495025,2007
detektor,tt0197402,2000
le voyou,tt0066536,1970
sedam i po,tt0496226,2006
der raub der mona lisa,tt0022295,1931
af banen,tt0384194,2005
una mujer de la calle,tt0195080,1939
padayappa,tt0213969,1999
westerplatte,tt0062485,1967
wunschkonzert,tt0033275,1940
caótica ana,tt0456340,2007
crónica de una señora,tt0065598,1971
fortunat,tt0122492,1960
iron man,tt0022002,1931
owd bob,tt0030546,1938
dos tipos de cuidado,tt0044560,1953
se nada mais der certo,tt1330048,2008
the happiness cage,tt0068677,1972
maschera nera,tt0185464,1952
alicia en el país de las maravillas,tt0290406,1976
jarní vody,tt0172625,1968
the return,tt0478262,2006
passport to shame,tt0053225,1958
intouchables,tt1675434,2011
el extraño caso del hombre y la bestia,tt0043515,1951
das arche noah prinzip,tt0086911,1984
rafoo chakkar,tt0155997,1975
der rote kreis,tt0053228,1960
barda,tt0902955,2007
le lit à deux places,tt0060632,1965
the crowded day,tt0046882,1954
pissoir,tt0095873,1988
l'amour à mort,tt0086890,1984
porridge,tt0079738,1979
amor en el aire,tt0061351,1967
esperando la carroza,tt0089108,1985
le cerveau,tt0064146,1969
juárez y maximiliano,tt0140300,1934
de scheepsjongens van bontekoe,tt0403483,2007
town creek,tt0450336,2009
titli,tt0356129,2002
"l'arbre, le maire et la médiathèque",tt0106301,1993
kate plus ten,tt0030312,1938
tiefland,tt0046431,1954
les miracles n'ont lieu qu'une fois,tt0042737,1951
fíaskó,tt0241467,2000
nour minel samaa,tt0297313,1947
saippuaprinssi,tt0460557,2006
le premier cercle,tt1130993,2009
bang! you're dead,tt0046749,1954
seven thunders,tt0050174,1957
hot enough for june,tt0059282,1964
chiriyakhana,tt0061474,1967
le rose del deserto,tt0470082,2006
gorillas in the mist: the story of dian fossey,tt0095243,1988
passeport diplomatique agent k 8,tt0135593,1965
abgeschminkt!,tt0106209,1993
guglielmo tell,tt0040406,1949
il grido,tt0050458,1957
singoalla,tt0041877,1949
molokai: the story of father damien,tt0165196,1999
última parada 174,tt1280567,2008
soeur sourire,tt1381112,2009
meshi,tt0043801,1951
paviljon vi,tt0174108,1978
singh is kinng,tt1146325,2008
tankový prapor,tt0103042,1991
la dama duende,tt0037629,1945
a great wall,tt0091151,1986
la vaquilla,tt0090250,1985
le père noël est une ordure,tt0084555,1982
qué hombre tan simpático,tt0234550,1943
café de la plage,tt0276837,2001
la noche de walpurgis,tt0066160,1971
charlie valentine,tt1197613,2009
khan kluay,tt0815890,2006
kimjongilia,tt1180311,2009
gita cinta dari sma,tt1158254,1979
les dalton,tt0368668,2004
the breaking point,tt0173695,1961
a tale of five cities,tt0041921,1951
pimienta,tt0178831,1966
die arche,tt0198312,1919
jaka sembung,tt0090295,1981
tko pjeva zlo ne misli,tt0066461,1970
eloïse,tt1221188,2009
retour à l'aube,tt0030671,1938
lilja 4-ever,tt0300140,2002
art. 519 codice penale,tt0044374,1952
suite habana,tt0384566,2003
la femme publique,tt0087250,1984
"la nuit, tous les chats sont gris",tt0076474,1977
crimen y castigo,tt0042351,1951
más allá del sol,tt0188933,1975
on se calme et on boit frais à saint-tropez,tt0089727,1987
huella de luz,tt0034876,1943
poveri ma belli,tt0049634,1957
midnight at madame tussaud's,tt0027966,1936
brandende liefde,tt0085273,1983
senza bandiera,tt0044021,1951
resan till melonia,tt0098189,1989
le départ,tt0061605,1967
muchachas que estudian,tt0197708,1939
tales of an ancient empire,tt1136688,2010
zeit zu leben,tt0175350,1969
lef,tt0137909,1999
el patrullero,tt0105114,1991
besatzung dora,tt0149845,1943
la boum 2,tt0083686,1982
les damnés de la mer,tt1505891,2008
magistrarna på sommarlov,tt0033864,1941
l'appartement,tt0115561,1996
pustolov pred vratima,tt0184840,1961
the greed of william hart,tt0040401,1948
semmelweis - retter der mütter,tt0042942,1950
nuovo cinema paradiso,tt0095765,1988
the mechanik,tt0435696,2005
noi due soli,tt0044972,1952
mahanagar,tt0057277,1963
vient de paraître,tt0042025,1949
dae jang-hwa hong-ryeon jeon,tt0349312,1962
la forteresse,tt0039392,1947
gomorra,tt0929425,2008
the intimate stranger,tt0049210,1956
savage africa,tt0141807,1950
i vinti,tt0045294,1953
lista de espera,tt0222150,2000
la mirada del otro,tt0125936,1998
three men on fire,tt0379551,1986
hors-la-loi,tt0089300,1985
scrooge,tt0044008,1951
ureshi hazukashi monogatari,tt0096350,1988
pummarò,tt0100435,1990
la vie de famille,tt0088354,1985
la vuelta de martín fierro,tt0185753,1974
le belle famiglie,tt0057881,1964
marcia o crepa,tt0056221,1962
el demonio en la sangre,tt0193084,1964
cottage to let,tt0033491,1941
la tourneuse de pages,tt0487503,2006
il vedovo,tt0131097,1959
il soldato di ventura,tt0073726,1976
ok connery,tt0062078,1967
sicilia!,tt0200135,1999
dangerous moonlight,tt0033511,1941
english without tears,tt0036793,1944
aragosta a colazione,tt0083574,1979
léolo,tt0104782,1992
groupie girl,tt0179225,1970
peau d'ange,tt0284387,2002
el jefe,tt0179248,1958
cachorro,tt0359045,2004
"teresa, el cuerpo de cristo",tt0458500,2007
shaadi,tt0234700,1962
hibari no kanashiki hitomi,tt8898098,1953
les tontons flingueurs,tt0057591,1963
el inocente,tt0048208,1956
la casa de la troya,tt0221056,1948
la cicala,tt0083737,1980
el fin de la noche,tt0178446,1944
the guv'nor,tt0026446,1935
ok baytong,tt0398238,2003
walls of prejudice,tt0012666,1920
yo pecador,tt0180322,1959
tempo massimo,tt0025863,1934
un muchacho como yo,tt0183535,1968
het dwaallicht,tt0070011,1973
koper,tt1045857,2006
hokkabaz,tt0827503,2006
al corazón,tt0174451,1996
kaidan kasane-ga-fuchi,tt0202423,1957
taqdeer,tt0232770,1943
ningen,tt0403353,1962
la bête,tt0072752,1975
perché uccidi ancora,tt0059579,1965
conversaciones con mamá,tt0356485,2004
arirang 3,tt0321286,1936
piedras,tt0310001,2002
karunamayudu,tt0156690,1978
o cheiro do ralo,tt0489458,2006
annie's coming out,tt0088250,1984
devi,tt0053765,1960
moscow nights,tt0027989,1935
the incredible invasion,tt0063132,1971
la femme spectacle,tt0252432,1964
herkes kendi evinde,tt0284182,2001
peau d'âne,tt0066207,1970
tell england,tt0022468,1931
doshaburi,tt3523120,1957
die straße,tt0014516,1923
sweet nell of old drury,tt0001911,1911
saturday morning massacre,tt2321501,2012
milou en mai,tt0097884,1990
sally's irish rogue,tt0054192,1958
imjaeobtneun naleutbae,tt0151874,1932
mehman-e maman,tt0405149,2004
besos brujos,tt0178268,1937
fantozzi,tt0071486,1975
les mains libres,tt1337350,2010
the painted smile,tt0056323,1962
where no vultures fly,tt0043682,1951
mi querida señorita,tt0067425,1972
the plains of heaven,tt0084510,1982
rakhi,tt0924274,2006
state property 2,tt0403537,2005
der brennende acker,tt0012973,1922
the young ones,tt0055626,1961
the best man,tt0430919,2005
lavoura arcaica,tt0241663,2001
don't bother to knock,tt0055621,1961
agent sinikael,tt0367480,2002
hasta el viento tiene miedo,tt0061752,1968
la prima angélica,tt0072030,1974
troubled waters,tt0193577,1964
sehnsucht,tt0011676,1920
città violenta,tt0065555,1970
agente s 03: operazione atlantide,tt0058879,1965
kathantara,tt1400520,2007
allá en el rancho grande,tt0027277,1936
good boy!,tt0326900,2003
pedar,tt0117315,1996
lupo,tt0066023,1970
the helpers,tt1854582,2012
el bolero de raquel,tt0049023,1957
les amants,tt0052556,1958
la visita,tt0057664,1963
el macho,tt0169846,1977
viento norte,tt0201309,1937
orgasmo,tt0063413,1969
giran,tt1691844,2009
um das menschenrecht,tt0140655,1934
ombre et lumière,tt0043877,1951
asukh,tt0355224,1999
deusynlige,tt0948544,2008
antigua vida mía,tt0271366,2001
shodh,tt0267924,1981
l'as des as,tt0083580,1982
bellissima,tt0043332,1951
la nuit fantastique,tt0041705,1942
rovdyr,tt1054115,2008
ore wa matteru ze,tt1248984,1957
baazi,tt0043307,1951
kaagaz ke phool,tt0052954,1959
l'enfer,tt0058059,1964
sunes sommar,tt0108252,1993
compromising daphne,tt0181407,1930
kvinnorna på taket,tt0097695,1989
nor the moon by night,tt0052773,1958
head over heels,tt0028983,1937
i mostri,tt0057323,1963
the first gentleman,tt0040358,1948
duda,tt0398031,2003
soudný den,tt0175192,1949
dao,tt0112800,1995
dillagi,tt0231462,1949
the mind of mr. reeder,tt0031653,1939
the immoral mr. teas,tt0052920,1959
coco avant chanel,tt1035736,2009
fantozzi in paradiso,tt0106867,1993
section spéciale,tt0073679,1975
cinco,tt1636441,2010
krantikaal,tt1548593,2005
blaue wimpel im sommerwind,tt0815492,1952
"à bientôt, j'espère",tt0063854,1968
le clan des siciliens,tt0064169,1969
gharam wa intiqam,tt0274524,1944
café transit,tt0477585,2005
la commare secca,tt0055858,1962
fantozzi contro tutti,tt0080719,1980
warlords of the 21st century,tt0084887,1982
east of piccadilly,tt0033108,1941
sammy going south,tt0056886,1963
the raging moon,tt0067357,1971
el profesor hippie,tt0121656,1969
agantuk,tt0101279,1991
villmark,tt0356176,2003
savithri,tt0255577,1933
nell'anno del signore,tt0064718,1969
buenos aires vice versa,tt0115773,1996
le avventure di giacomo casanova,tt0046737,1955
happy ever after,tt0253120,1932
kalteva torni,tt0807952,2006
too hot to handle,tt0053365,1960
mircea,tt0126439,1989
la casa de los cuervos,tt0181348,1941
aimée & jaguar,tt0130444,1999
thirteen conversations about one thing,tt0268690,2001
divorcio en montevideo,tt0178380,1939
rock yo shizukani nagareyo,tt0323825,1988
al istiyaf fi lubnan,tt0251749,1947
dosar,tt0470283,2006
les anges exterminateurs,tt0792948,2006
the four musketeers,tt0073012,1974
los chicos crecen,tt0034592,1942
the amazing quest of ernest bliss,tt0027286,1936
la canción de los barrios,tt0178289,1941
la maison jaune,tt1251827,2007
basta't kasama kita,tt0122990,1995
vacanze in argentina,tt0187571,1960
13 jours en france,tt0189330,1968
sur,tt0094076,1988
einbrecher,tt0020727,1930
die legende von paul und paula,tt0070299,1973
el vampiro negro,tt0202054,1953
"ima, ai ni yukimasu",tt0442268,2004
nero veneziano,tt0122629,1978
les amants de vérone,tt0040090,1949
nightdragon,tt1104699,2008
königswalzer,tt0048274,1955
hao ke,tt0200120,1973
the wild thornberrys movie,tt0282120,2002
l'adolescente,tt0077123,1979
il bandito dagli occhi azzurri,tt0083667,1980
sancharram,tt0470913,2004
coup de tête,tt0079002,1979
paul temple returns,tt0045015,1952
vi har det jo dejligt,tt0057650,1963
la belle verte,tt0115650,1996
asso,tt0082034,1981
le golem,tt0027688,1936
shark!,tt0066365,1969
veda,tt1586001,2010
nahapet,tt0076435,1977
la amiga,tt0094646,1988
manasukkul mathappu,tt4246776,1988
kirikou et la sorcière,tt0181627,1998
büyü,tt0424873,2004
thank god he met lizzie,tt0120316,1997
"leslie, my name is evil",tt1345488,2009
el esqueleto de la señora morales,tt0052784,1960
young black stallion,tt0318850,2003
touha sherlocka holmese,tt0138882,1971
naayi neralu,tt0944961,2006
o katergaris,tt0200766,1971
these dangerous years,tt0050288,1957
trainwreck: my life as an idiot,tt0783601,2007
la ragazza di via condotti,tt0071309,1973
du er ikke alene,tt0080662,1978
in the light of the moon,tt0230169,2000
kevin of the north,tt0251174,2001
todas las azafatas van al cielo,tt0293654,2002
furia à bahia pour oss 117,tt0059206,1965
fire maidens from outer space,tt0046977,1956
sytten,tt0059775,1965
les espions,tt0050367,1957
balladyna,tt1263657,2009
kasaba,tt0143334,1997
l'amant de lady chatterley,tt0047817,1955
uncivilised,tt0122298,1937
hababam sinifi,tt0252487,1975
anche gli angeli tirano di destro,tt0071139,1974
29th and gay,tt0455299,2005
incantesimo tragico,tt0043674,1951
deli yürek: bumerang cehennemi,tt0302463,2001
shark bait,tt0820142,2006
maður eins og ég,tt0323177,2002
aranyer din ratri,tt0065417,1970
ayat-ayat cinta,tt1198186,2008
la notte,tt0054130,1961
head over heels,tt0079278,1979
kharij,tt0084198,1982
diario de una ninfómana,tt1111890,2008
cipolla colt,tt0072785,1975
britannia mews,tt0041382,1949
voor een verloren soldaat,tt0108504,1992
les dames du bois de boulogne,tt0037630,1945
pánská jízda,tt0403436,2004
fong sai-yuk,tt0106936,1993
a cavallo della tigre,tt0054586,1961
de omweg,tt0219223,2000
drôle d'endroit pour une rencontre,tt0092931,1988
murder at glen athol,tt0028000,1936
nick carter va tout casser,tt0058290,1964
kleine freiheit,tt0349688,2003
eyewitness,tt0066420,1970
michurin,tt0040585,1949
ang.: lone,tt0128930,1970
aa gale lag jaa,tt0177473,1973
ziemia obiecana,tt0072446,1975
eaux profondes,tt0082309,1981
las mujeres los prefieren tontos,tt0059482,1964
bednye rodstvenniki,tt0464632,2005
fuera de la ley,tt0197494,1937
hud,tt0091230,1986
keisarin salaisuus,tt0819780,2006
hua fei man cheng chun,tt0080897,1975
blood tide,tt0083661,1982
rose scarlatte,tt0031878,1940
akropol,tt0112285,1996
marcelino pan y vino,tt0047216,1955
el extraño viaje,tt0061633,1964
hexen bis aufs blut gequält,tt0065491,1970
etter rubicon,tt0092987,1987
clément,tt0284970,2001
confession,tt0049129,1955
op de hollandse toer,tt0070484,1973
fallen,tt0832347,2006
ich klage an,tt0033750,1941
the pirates who don't do anything: a veggietales movie,tt0475998,2008
der er et yndigt land,tt0126286,1983
libertarias,tt0113649,1996
kureopatora,tt0065588,1970
jonas qui aura 25 ans en l'an 2000,tt0074718,1976
ils se marièrent et eurent beaucoup d'enfants,tt0381270,2004
gymnoi sto dromo,tt0202891,1969
ek din achanak,tt0097268,1989
les filles du botaniste,tt0425985,2006
beautiful stranger,tt0047625,1954
5x2,tt0354356,2004
quelques jours en septembre,tt0446442,2006
lacombe lucien,tt0071733,1974
thema syneidiseos,tt0197019,1973
hindle wakes,tt0044708,1952
le voyage en douce,tt0081729,1980
padre nuestro,tt0834938,2007
abdulla the great,tt0048922,1955
dieu a besoin des hommes,tt0042401,1950
der rosenkavalier,tt0017338,1925
aerograd,tt0026040,1935
invasión,tt0064490,1969
kaze no bushi,tt0122569,1964
richard iii,tt0002461,1912
the last days of dolwyn,tt0041579,1949
casa de mujeres,tt0060216,1966
gente en buenos aires,tt0189545,1974
blueberry,tt0276830,2004
desde el abismo,tt0083817,1980
manuale d'amore,tt0417944,2005
il magistrato,tt0053031,1959
curse of the maya,tt0452766,2004
the house across the lake,tt0047067,1954
testa o croce,tt0084782,1982
"elisa, vida mía",tt0075983,1977
pára nad hrncem,tt0311689,1950
azur et asmar,tt0439123,2006
luck of the navy,tt0031731,1938
el gran amor de bécquer,tt0187086,1946
det kære legetøj,tt0124774,1968
a mezzanotte va la ronda del piacere,tt0072595,1975
the ship that died of shame,tt0048611,1955
mitahat la'af,tt0084342,1982
lucker,tt0091446,1986
da istanbul ordine di uccidere,tt0204235,1965
les valseuses,tt0072353,1974
su e giù,tt0209375,1965
third party risk,tt0048715,1954
badai pasti berlalu,tt0335966,1977
...sans laisser d'adresse,tt0042923,1951
la città si difende,tt0043412,1951
itinéraire d'un enfant gâté,tt0095386,1988
sette note in nero,tt0075614,1977
les derniers jours du monde,tt1390405,2009
the admirable crichton,tt0050100,1957
la perla,tt0037981,1947
dracula père et fils,tt0079075,1976
spur des falken,tt0063638,1968
yoake no machi de,tt1831833,2011
sobreviviré,tt0217811,1999
eclipse de sol,tt0178399,1943
blindgangers,tt0075768,1977
when a man falls in the forest,tt0468965,2007
das merkwürdige verhalten geschlechtsreifer großstädter zur paarungszeit,tt0157990,1998
byl jednou jeden polda,tt0112608,1995
hubble 3d,tt1433813,2010
seagulls over sorrento,tt0046877,1954
le amiche,tt0047821,1955
young people fucking,tt0913445,2007
"je vous salue, mafia!",tt0059329,1965
allá donde muere el viento,tt0072611,1976
le tonnerre de dieu,tt0059823,1965
atoll k,tt0042210,1950
wan pipel,tt0075411,1976
congo vivo,tt0135843,1962
the saint's return,tt0047440,1953
fatherland,tt0091035,1986
série noire,tt0079980,1979
asphalt,tt0313226,1964
laberinto de pasiones,tt0084228,1982
kolberg,tt0036989,1945
a hierro muere,tt0055720,1962
les sorcières de salem,tt0050997,1957
haeundae,tt1153040,2009
gift,tt0125764,1966
a hill in korea,tt0049302,1956
le dernier tournant,tt0031222,1939
the flying scot,tt0050670,1957
at the villa rose,tt0021167,1930
nil nirjane,tt0369779,2003
sortie 67,tt1651916,2010
the rake's progress,tt0037950,1945
who dares wins,tt0083941,1982
the horror show,tt0097527,1989
coup de foudre,tt0085370,1983
phish 3d,tt1626184,2010
deus e o diabo na terra do sol,tt0058006,1964
heroína,tt0068695,1972
l: change the world,tt0912597,2008
rooie sien,tt0073635,1975
io sto con gli ippopotami,tt0079351,1979
sailors three,tt0033158,1940
dívka v modrém,tt0166168,1940
canoa,tt0131335,1976
il domestico,tt0166171,1974
un mundo de amor,tt0158810,1975
het debuut,tt0075924,1977
payroll,tt0055283,1961
di che segno sei?,tt0072871,1975
alambrado,tt0101289,1991
a honeymoon adventure,tt0023022,1931
en tu ausencia,tt1289396,2008
la garçonne,tt0027658,1936
the boys: the sherman brothers' story,tt1015971,2009
guacho,tt0180721,1954
ashlaa,tt1570546,2009
alleman,tt0056819,1963
juguemos en el mundo,tt0179254,1971
three days,tt1733686,2012
deshonra,tt0201561,1952
the night we dropped a clanger,tt0053112,1959
portrait of alison,tt0048507,1955
vechera na khutore bliz dikanki,tt0057637,1961
abwärts,tt0086846,1984
race for the yankee zephyr,tt0082968,1981
siréna,tt0130261,1947
punguna,tt0323740,1926
la piscine,tt0064816,1969
kuro no tozoku,tt3979246,1964
vreme na nasilie,tt0096403,1988
nouvelle vague,tt0100274,1990
lady godiva rides again,tt0043719,1951
limelight,tt0027888,1937
papà diventa mamma,tt0045007,1952
flor silvestre,tt0035890,1943
voyna,tt0309047,2002
catacombs,tt0057926,1965
boðberi,tt1447494,2010
"cándida, la mujer del año",tt0178363,1943
kaksipäisen kotkan varjossa,tt0437273,2005
roti,tt0232542,1942
uno scandalo perbene,tt0122241,1984
silver blaze,tt0029565,1937
chandralekha,tt0040225,1948
shiawase no pan,tt1726749,2012
white cradle inn,tt0039102,1947
background,tt0045532,1953
masjävlar,tt0439695,2004
dusty bates,tt0186980,1947
heimat,tt0030226,1938
flickan från tredje raden,tt0041375,1949
magasiskola,tt0066035,1970
carry on henry,tt0066894,1971
el principio de arquímedes,tt0403426,2004
padre de más de cuatro,tt0030547,1938
après vous...,tt0344604,2003
"love, honour and obey",tt0199727,2000
winnie,tt1551641,2011
undercover,tt0036473,1943
"skaz pro to, kak tsar pyotr arapa zhenil",tt0075225,1976
mann,tt0206921,1999
gräfin mariza,tt0022965,1932
le serpent,tt0486474,2006
the marseille contract,tt0071412,1974
toto le héros,tt0103105,1991
the smallest show on earth,tt0050985,1957
quel maledetto treno blindato,tt0076584,1978
q,tt0084556,1982
canción del alma,tt0028684,1938
historia de crímenes,tt0197551,1942
konikar ramdhenu,tt0399254,2003
der sieg des glaubens,tt0156078,1933
el viento,tt0318765,2005
desnuda en la arena,tt0059099,1969
z'har,tt1559326,2009
...e vennero in quattro per uccidere sartana!,tt0064275,1969
la niña de fuego,tt0204501,1952
the scarecrow,tt0084636,1982
senilità,tt0055432,1962
death song,tt5240408,1991
hochzeit am wolfgangsee,tt0025257,1933
shark night 3d,tt1633356,2011
goal!,tt0380389,2005
that night in london,tt0023573,1932
apa khabar orang kampung,tt0949861,2007
een zaak van leven of dood,tt0086628,1983
per un pugno nell'occhio,tt0060336,1965
nous irons tous au paradis,tt0076470,1977
la révolution française,tt0098238,1989
john glückstadt,tt0163023,1975
lejontämjaren,tt0302713,2003
nobody runs forever,tt0063067,1968
miss tulip stays the night,tt0048379,1955
the foreman went to france,tt0033621,1942
brudeferden i hardanger,tt0016691,1926
stormy crossing,tt0051013,1958
la morte vivante,tt0084357,1982
il prato,tt0079745,1979
la barca de oro,tt0039175,1947
faccia a faccia,tt0061636,1967
el canto del cisne,tt0184326,1945
canciones para después de una guerra,tt0066901,1976
hoa-binh,tt0065838,1970
the beautiful ordinary,tt0790618,2007
maître après dieu,tt0158769,1951
our man in marrakesh,tt0060148,1966
the gang's all here,tt0031357,1939
pahat pojat,tt0323551,2003
nasser asphalt,tt0051982,1958
apenas un delincuente,tt0143110,1949
ezhai padum padu,tt0260015,1950
la mujer sin alma,tt0036178,1944
mayumi,tt0242661,1990
las locuras de tin-tan,tt0041596,1952
la furia del hombre lobo,tt0065750,1972
les 3 p'tits cochons,tt0762142,2007
la terra trema,tt0040866,1948
le gendarme et les extra-terrestres,tt0079200,1979
the mule,tt2069955,2012
faktas,tt0150497,1981
annibale,tt0053891,1959
adam and evelyne,tt0041089,1949
the adorable outcast,tt0258393,1928
quelle strane occasioni,tt0075114,1976
der 20. juli,tt0047790,1955
home at seven,tt0044718,1952
la orca,tt0126559,1976
la danza de la fortuna,tt0178368,1944
grabben i graven bredvid,tt0298351,2002
éducation de prince,tt0199173,1927
emergency call,tt0044585,1952
meus amores no rio,tt0161803,1959
touchez pas au grisbi,tt0046451,1954
se arrienda,tt0435358,2005
"pra frente, brasil",tt0084529,1982
"buongiorno, elefante!",tt0043986,1952
fuoco nero,tt0043569,1951
hokuspokus,tt0020982,1930
hindle wakes,tt0017998,1927
blossom time,tt0024900,1934
lady in the fog,tt0045128,1952
la cucaracha,tt0051504,1959
starci na chmelu,tt0124888,1964
la sfida dei giganti,tt0275668,1965
painted boats,tt0037967,1945
"funes, un gran amor",tt0106981,1993
nishijapon,tt0458033,2005
perinbaba,tt0089800,1985
la nona,tt0121598,1979
la vie est belle,tt0094265,1987
la grande bouffe,tt0070130,1973
un maledetto imbroglio,tt0053039,1959
"teta, alf marra",tt1811329,2010
è primavera...,tt0040018,1950
the nutcracker in 3d,tt1041804,2010
comme un aimant,tt0245062,2000
hell's cargo,tt0031205,1939
the show of shows,tt0020403,1929
inspecteur la bavure,tt0080929,1980
viktor vogel - commercial man,tt0246514,2001
salò o le 120 giornate di sodoma,tt0073650,1975
the traitor,tt0051105,1957
ye dian,tt1830913,1947
mountain family robinson,tt0079580,1979
guizi lai le,tt0245929,2000
jason goes to hell: the final friday,tt0107254,1993
the lambeth walk,tt0032688,1939
thirteen hours by air,tt0028359,1936
cserepek,tt0080576,1981
takhan teish,tt1849109,2011
nya hyss av emil i lönneberga,tt0070463,1972
la sorcière,tt0048645,1956
kohtalon kirja,tt0359564,2003
lukket avdeling,tt0214894,1972
"gabriela, cravo e canela",tt0085575,1983
feux rouges,tt0365190,2004
y tu mamá también,tt0245574,2001
the patient vanishes,tt0034007,1941
intellectual property,tt0422479,2006
the vintner's luck,tt0954544,2009
lost,tt0048315,1956
équateur,tt0086654,1983
il gladiatore che sfidò l'impero,tt0178506,1965
brown on resolution,tt0026377,1935
l'enfant,tt0456396,2005
la horde,tt1183276,2009
das vermächtnis des inka,tt0061152,1965
l'initiation,tt0065891,1970
the way to the stars,tt0038238,1945
kader,tt0875595,2006
ana y los otros,tt0318988,2003
i girasoli,tt0065782,1970
far til fire,tt0045750,1953
auggie rose,tt0219519,2000
johnny west il mancino,tt0059337,1965
the rogues tavern,tt0028200,1936
de verwording van herman dürer,tt0080093,1979
kontroll,tt0373981,2003
la mujer de mi hermano,tt0463345,2005
de inbreker,tt0068737,1972
los pasos perdidos,tt0288719,2001
rat pfink a boo boo,tt0059637,1966
wonderful life,tt0058755,1964
folie douce,tt0042470,1951
un hombre bueno,tt0204381,1941
les morfalous,tt0087742,1984
antonia,tt0112379,1995
zamok,tt0111817,1994
menage all'italiana,tt0165389,1965
l'uomo di toledo,tt0060723,1965
aelita,tt0014646,1924
one tough bastard,tt0113999,1996
quality time,tt0119970,2008
royal cavalcade,tt0026953,1935
"continental, un film sans fusil",tt1093815,2007
los evadidos,tt0183058,1964
the house in the square,tt0043668,1951
juan lamaglia y señora,tt0064522,1970
yaadein,tt0058759,1964
"uncas, el fin de una raza",tt0059839,1965
kelid,tt0093341,1987
martin roumagnac,tt0038728,1946
the full treatment,tt0054901,1960
i vampiri,tt0049429,1957
stepfather ii,tt0098385,1989
crimen de doble filo,tt0057972,1965
provinces of night,tt1421048,2010
like minds,tt0425196,2006
never take sweets from a stranger,tt0054116,1960
macunaíma,tt0064616,1969
fanfan la tulipe,tt0305568,2003
mcglusky the sea rover,tt0219915,1935
bhai bahen,tt0372790,1950
tree of hands,tt0099846,1989
voyage sans espoir,tt0240185,1943
prêt-à-porter,tt0110907,1994
devil in the flesh,tt0097194,1986
el gordo catástrofe,tt0195754,1977
los muchachos de antes no usaban arsénico,tt0121573,1976
torment,tt0179408,1950
chac: dios de la lluvia,tt0251629,1975
j-men forever,tt0080940,1979
the legend of simon conjurer,tt0758763,2006
barnacle bill,tt0050168,1957
la chiesa,tt0094860,1989
promeny,tt1351767,2009
la flor de irupé,tt0059184,1962
la guerra gaucha,tt0034820,1942
jungle book,tt0034928,1942
oklahoma john,tt0059536,1965
sátántangó,tt0111341,1994
daun di atas bantal,tt0156455,1998
the four just men,tt0033031,1939
nanny mcphee and the big bang,tt1415283,2010
on secret service,tt0028299,1933
im banne des unheimlichen,tt0061805,1968
komal gandhar,tt0055055,1961
into the blue,tt0042599,1950
bacará,tt0189380,1955
the system,tt0060461,1964
the informers,tt0059312,1963
my name is jerry,tt0889146,2009
mon homme,tt0117073,1996
"captain midnight, the bush king",tt0001530,1911
the wannabes,tt0331072,2003
la roue,tt0014417,1923
ci ling,tt1328865,2009
they made me a fugitive,tt0039895,1947
la leggenda del santo bevitore,tt0095513,1988
geordie,tt0048112,1955
ici et ailleurs,tt0071646,1976
l'intrus,tt0422491,2004
las verdes praderas,tt0080090,1979
the squeaker,tt0029603,1937
la belle noiseuse,tt0101428,1991
faithful,tt0027599,1936
zoeken naar eileen,tt0094382,1987
fjols til fjells,tt0050398,1957
la otra,tt0038813,1946
"mort, où est ta victoire?",tt0058376,1964
my teenage daughter,tt0049530,1956
jennifer eight,tt0104549,1992
le vampire de düsseldorf,tt0058922,1965
carlton-browne of the f.o.,tt0053044,1959
alias gardelito,tt0055736,1961
supervoksen,tt0776804,2006
nassim al-roh,tt0233379,1998
el tigre de yautepec,tt0024671,1933
hoodwinked too! hood vs. evil,tt0844993,2011
im juli,tt0177858,2000
goodbye emmanuelle,tt0077497,1977
the tillamook treasure,tt0462571,2006
shnei kuni leml,tt0138101,1966
baishe srabon,tt2075108,2011
scent of mystery,tt0054271,1960
grosse fatigue,tt0109942,1994
"louis 19, le roi des ondes",tt0110390,1994
les chevaliers du ciel,tt0421974,2005
perfect strangers,tt0037980,1945
the lena baker story,tt1139662,2008
surveillance,tt1010052,2007
tell-tale,tt1135095,2009
appointment with venus,tt0043293,1951
bail enforcers,tt1596565,2011
dakan,tt0118917,1997
sigaw,tt0423195,2004
arven,tt0078800,1979
die ideale frau,tt0052914,1959
the mini-affair,tt0247522,1967
lo scapolo,tt0049717,1955
therèse,tt0007446,1916
all'ombra di una colt,tt0060091,1965
happy few,tt1528750,2010
the planter's wife,tt0045005,1952
kuhio taisa,tt1401719,2009
kipps,tt0033790,1941
la muchacha de las bragas de oro,tt0079586,1980
amaya,tt1572146,2010
la stanza del vescovo,tt0146289,1977
ouija,tt0989851,2007
the man at six,tt0213848,1931
el perro,tt0420548,2004
chokher bali,tt0366304,2003
the sea urchin,tt0017357,1926
merci pour le chocolat,tt0232083,2000
l'homme à tout faire,tt0080886,1980
addio zio tom,tt0180396,1971
barravento,tt0055776,1962
father brown,tt0046970,1954
plein soleil,tt0054189,1960
manji,tt0058326,1964
sl8n8,tt0493452,2006
hledá se táta,tt0166647,1961
azahares rojos,tt0190251,1940
historia de un gran amor,tt0162372,1942
buenos aires 100 kilómetros,tt0356446,2004
piso porta,tt0263868,2000
black eyes,tt0031101,1939
hochzeitsnacht im regen,tt0174743,1967
s'en fout la mort,tt0100536,1990
black limelight,tt0029919,1939
aleksandra,tt1034427,2007
sandesaya,tt0450128,1960
riens du tout,tt0105260,1992
la otra alcoba,tt0075027,1976
días de odio,tt0046947,1954
impressionen unter wasser,tt0316016,2002
kiler-ów 2-óch,tt0190506,1999
"marc mato, agente s. 077",tt0059427,1965
zhmurki,tt0420982,2005
prête-moi ta main,tt0478724,2006
oberst redl,tt0089716,1985
the chinese bungalow,tt0032334,1940
i delfini,tt0053756,1960
kaadu,tt0070259,1973
pusong mamon,tt0215090,1998
du pappa,tt0143227,1994
el ángel exterminador,tt0056732,1962
uzumaki,tt0244870,2000
la ronde,tt0058533,1964
the wife swappers,tt0066569,1970
fiddlers three,tt0036820,1944
the first of the few,tt0034734,1942
life for ruth,tt0056181,1962
i tre volti,tt0058681,1965
rien que les heures,tt0183710,1926
pappa tar gull,tt0058449,1964
saptha kanya,tt0108043,1993
el seductor,tt0242866,1955
face the music,tt0046784,1954
a window in london,tt0031548,1940
she'll have to go,tt0056478,1962
i figli del leopardo,tt0150548,1965
santouri,tt0385277,2007
zwei frauen,tt0098721,1989
queridas amigas,tt0193443,1980
tipu kanan tipu kiri,tt1045893,2008
une hirondelle a fait le printemps,tt0240149,2001
haute tension,tt0338095,2003
who goes there!,tt0045011,1952
el pez que fuma,tt0076540,1977
puerta cerrada,tt0178851,1939
flecha de oro,tt0181538,1940
dimenticare palermo,tt0099430,1990
in god we tru$t,tt0080917,1980
la canción del milagro,tt0031136,1940
amante para dos,tt0198299,1981
sacco e vanzetti,tt0067698,1971
il ladrone,tt0078926,1980
g@me,tt0431077,2003
summer of the seventeenth doll,tt0053321,1959
del brazo y por la calle,tt0144861,1966
das wandernde bild,tt0011837,1920
cafe colette,tt0028675,1937
hors la vie,tt0102058,1991
dracula,tt0051554,1958
parta hic,tt0170359,1977
hu die fei,tt1156136,2008
dabangg 2,tt2112131,2012
radiofreccia,tt0169164,1998
3 dev adam,tt0181947,1973
putevoy obkhodchik,tt0900381,2007
koma,tt1467271,2009
bruna surfistinha,tt1587828,2011
meghe dhaka tara,tt0054073,1960
lidice,tt1754123,2011
europa '51,tt0043511,1952
el agujero en la pared,tt0189343,1982
tomten är far till alla barnen,tt0201265,1999
la cruz del diablo,tt0072833,1975
el capitán aventurero,tt0179707,1939
"no te ofendas, beatriz",tt0268501,1953
the boys from county clare,tt0337631,2003
la femme de l'aviateur,tt0080728,1981
babul,tt0331186,1950
kärlekens språk,tt0330541,2004
the wisdom of crocodiles,tt0120894,1998
friday the 13th part 2,tt0082418,1981
custodio de señoras,tt0203429,1979
angyali üdvözlet,tt0123381,1984
the young lovers,tt0046846,1954
skyggen,tt0136535,1998
ek din pratidin,tt0079098,1979
maman est chez le coiffeur,tt1153111,2008
mr. reeder in room 13,tt0030471,1938
kanggeonneo maeul,tt0322921,1935
la primera noche,tt0264946,2003
hipólito y evita,tt0178569,1973
francia,tt1383604,2009
furia infernal,tt0122078,1973
verdens undergang,tt0128813,1916
densen uta,tt1010398,2007
un aller simple,tt0242981,2001
questo amore ai confini del mondo,tt0053700,1960
nénette et boni,tt0117221,1996
lascars,tt1043852,2009
la chismosa,tt0289896,1938
ce qu'il faut pour vivre,tt1280501,2008
fortune is a woman,tt0050405,1957
nasaan ka man,tt0442312,2005
el amor nunca muere,tt0047823,1955
mr. topaze,tt0055201,1961
seul dans paris,tt0160832,1951
la doctora quiere tangos,tt0186966,1949
aan,tt0044318,1952
viva la vie,tt0088357,1984
bondage,tt0473453,2006
"der mann, der sich in luft auflöste",tt0081117,1980
asesinato a distancia,tt0196347,1998
les sept péchés capitaux,tt0056467,1962
aya de yopougon,tt2077703,2013
a byahme mladi,tt0176411,1961
gösta berlings saga,tt0014109,1924
kinatay,tt1423592,2009
muli,tt1690201,2010
ghatashraddha,tt0076080,1977
"cóndor crux, la leyenda",tt0208870,2000
la leggenda di genoveffa,tt0043731,1952
los reyes magos,tt0400771,2003
murder by proxy,tt0046792,1954
smithy,tt0038954,1946
pisaj,tt0448923,2004
qaamarngup uummataa,tt0137087,1998
les intrigantes,tt0047120,1954
les nuits de la pleine lune,tt0087821,1984
wilde mossels,tt0204055,2000
stanno tutti bene,tt0100681,1990
el abandonado,tt0255775,1949
el otro cristóbal,tt0309967,1963
brice de nice,tt0412535,2005
kain xviii,tt0176875,1963
it's all happening,tt0057192,1963
les visiteurs,tt0108500,1993
one exciting night,tt0037152,1944
de mantel der liefde,tt0077907,1978
jhuk gaya aasman,tt0290685,1968
la guita,tt0121336,1970
love story,tt0037029,1944
le fantôme de la liberté,tt0071487,1974
emporte-moi,tt0148103,1999
as bodas de deus,tt0119413,1999
tulák macoun,tt0153329,1939
nousukausi,tt0323443,2003
de bende van hiernaast,tt0080428,1980
africa segreta,tt0063989,1969
emil i lönneberga,tt0067047,1971
love comes quietly,tt0070340,1973
permission to kill,tt0073530,1975
gli ultimi giorni di pompei,tt0143962,1926
der tunnel,tt0251447,2001
tere naam,tt0374271,2003
pihalla,tt1245773,2009
u-turn,tt0070848,1973
mangal pandey: the rising,tt0346457,2005
shéhérazade,tt0056485,1963
you are here,tt0490701,2007
the phantom stockman,tt0046185,1953
the case of the frightened lady,tt0032313,1940
the lost hours,tt0044850,1952
belphégor - le fantôme du louvre,tt0214529,2001
snowtown,tt1680114,2011
irgendwo in berlin,tt0038646,1946
demoni 3,tt0101467,1991
la donna di notte,tt0261423,1962
dieciséis años,tt0184401,1943
knight without armour,tt0029087,1937
suor emanuelle,tt0078344,1977
frank en eva,tt0070072,1973
nouvelle-france,tt0386669,2004
padatik,tt0070498,1973
seas beneath,tt0022353,1931
battle: los angeles,tt1217613,2011
nazareno cruz y el lobo,tt0071897,1975
nambugun,tt0298463,1990
serigala terakhir,tt1537898,2009
a ilha dos amores,tt0077722,1982
babycall,tt1595833,2011
el viejo doctor,tt0201306,1939
colpo di luna,tt0112704,1995
three and out,tt1130980,2008
la vallée,tt0069451,1972
rozina sebranec,tt0176107,1945
razzle dazzle: a journey into dance,tt0493160,2007
horloge biologique,tt0437230,2005
sin dejar huella,tt0216990,2000
hälsoresan - en smal film av stor vikt,tt0166653,1999
menschen im hotel,tt0053059,1959
le divorce,tt0306734,2003
zibahkhana,tt0887973,2007
el gordo de américa,tt0182195,1976
el sacerdote,tt0078192,1978
gloomy sunday - ein lied von liebe und tod,tt0155722,1999
mechenosets,tt0477337,2006
irréversible,tt0290673,2002
milano trema: la polizia vuole giustizia,tt0070393,1973
waltzes from vienna,tt0024747,1934
allauddin adhbhuta deepam,tt0258402,1957
o ziliarogatos,tt0135717,1956
arrête ton char... bidasse!,tt0078018,1977
die heiden von kummerow und ihre lustigen streiche,tt0061755,1967
el camino de los gatos,tt0235253,1944
la moustache,tt0428856,2005
sengoku jieitai 1549,tt0453396,2005
nightmares,tt0081233,1980
les godelureaux,tt0053872,1961
akasa kusum,tt1453408,2008
face in the night,tt0051921,1957
wings of danger,tt0045331,1952
la luna,tt0079495,1979
o.k. nerone,tt0043870,1951
papá corazón se quiere casar,tt0182356,1974
adieu l'ami,tt0062639,1968
bob le flambeur,tt0047892,1956
les feux de la chandeleur,tt0173821,1972
parineeta,tt0046164,1953
esa pareja feliz,tt0045735,1953
jesus,tt0079368,1979
vanina vanini,tt0055585,1961
awesome; i fuckin' shot that!,tt0488953,2006
maa bhoomi,tt0137925,1979
shinsengumi,tt0066372,1969
une ravissante idiote,tt0058703,1964
busters verden,tt0087013,1984
il bell'antonio,tt0053643,1960
the outpost,tt0114070,1995
una farfalla con le ali insanguinate,tt0067084,1971
obsession,tt0041460,1949
maine gandhi ko nahin mara,tt0454504,2005
een dagje naar het strand,tt0087114,1984
dodesukaden,tt0065649,1970
iluzija,tt0368962,2004
il mondo dell'orrore di dario argento,tt0088989,1985
ohm krüger,tt0033973,1941
ban geum-ryeon,tt0313251,1982
viviré otra vez,tt0033228,1940
el inquisidor,tt0179243,1975
loco lindo,tt0175855,1936
saranggola,tt0213213,1999
thérèse desqueyroux,tt1654829,2012
spring song,tt0178911,1946
gin-iro no kami no agito,tt0493247,2006
un giorno in pretura,tt0047025,1954
le gendarme en balade,tt0065769,1970
malpertuis,tt0067386,1971
frankie go boom,tt1772271,2012
katze im sack,tt0443076,2005
canción de cuna,tt0033447,1941
la confusion des genres,tt0230098,2000
karlas kabale,tt0988106,2007
varannan vecka,tt0483195,2006
un argentino en new york,tt0158470,1998
tout est parfait,tt1043749,2008
les lions sont lâchés,tt0055087,1961
alatriste,tt0395119,2006
mensonges et trahisons et plus si affinités...,tt0383025,2004
la hija natural,tt1733536,2011
o cônsul de bordéus,tt2075263,2011
beauty and the beast,tt0338769,2005
calabuch,tt0049042,1956
três irmãos,tt0111508,1994
teen-age strangler,tt0059786,1964
the large rope,tt0045984,1953
anima persa,tt0075682,1977
bullshot,tt0085279,1983
jeppe på bjerget,tt0082583,1981
otoko-tachi no yamato,tt0451845,2005
la vendetta di lady morgan,tt0166390,1965
barbarossa,tt1242516,2009
la strada finisce sul fiume,tt0043005,1950
van geluk gesproken,tt0094241,1987
gente bien,tt0031362,1939
la mort en ce jardin,tt0049521,1956
les paumées du petit matin,tt0083375,1981
"ó paí, ó",tt0895777,2007
wxiii: patlabor the movie 3,tt0318819,2001
lo zio indegno,tt0098714,1989
adorables créatures,tt0044328,1952
el canto cuenta su historia,tt0178293,1976
the man who changed his mind,tt0027938,1936
non ci resta che piangere,tt0087814,1984
swapnadanam,tt0288241,1976
the battle of the somme,tt0006405,1916
séraphine,tt1048171,2008
twee vorstinnen en een vorst,tt0083242,1981
alas de mariposa,tt0101290,1991
the fiend,tt0067094,1972
honza málem králem,tt0074643,1977
grihalakshmi,tt0190360,1938
rentun ruusu,tt0249110,2001
cent briques et des tuiles,tt0057931,1965
vroeger kon je lachen,tt0086562,1983
la cara del ángel,tt0210600,1998
prova d'orchestra,tt0079759,1978
whispering smith hits london,tt0044211,1952
"du är inte klok, madicken",tt0079087,1979
the perfect son,tt0230631,2000
pronto ad uccidere,tt0075109,1976
the great well,tt0015165,1924
komisario palmun erehdys,tt0054001,1960
le péril jeune,tt0110922,1994
the smashing bird i used to know,tt0064943,1969
de nadie,tt0451698,2005
der hund von baskerville,tt0004121,1914
tuppen,tt0083238,1981
sae sang bakuro,tt0111052,1994
psexoanálisis,tt0152097,1968
unser täglich brot,tt0042008,1949
hadersfild,tt0855822,2007
largo winch,tt0808339,2008
mark il poliziotto,tt0308558,1975
crónica de un niño solo,tt0057977,1965
una moglie americana,tt0060709,1965
il brigante di tacca del lupo,tt0044450,1952
tabi no omosa,tt0222425,1972
zanna bianca,tt0069536,1973
back in the day,tt0380201,2005
hirer angti,tt0371712,1992
la métamorphose des cloportes,tt0059491,1965
el juego de arcibel,tt0317772,2003
boogie,tt1132578,2008
apasionados,tt0309292,2002
los amores de kafka,tt0092553,1988
processo contro ignoti,tt0045055,1952
parola di ladro,tt0050821,1957
marmoulak,tt0416960,2004
änglagård,tt0105916,1992
los hombres sólo piensan en eso,tt0074640,1976
birds of prey,tt0020694,1930
makdee,tt0341455,2002
the death and life of bobby z,tt0473188,2007
madame louise,tt0195898,1951
un borghese piccolo piccolo,tt0129794,1977
hrafninn flýgur,tt0087432,1984
fehérlófia,tt0083931,1981
bajo el cielo de méxico,tt0028605,1937
männerpension,tt0117135,1996
violette nozière,tt0078467,1978
hara ga kore nande,tt1897941,2011
don't tell her it's me,tt0099450,1990
veyyil,tt1045898,2006
noches de buenos aires,tt0166737,1935
piccadilly incident,tt0038842,1946
l'étudiante,tt0096523,1988
jagte raho,tt0049378,1956
sopralluoghi in palestina per il vangelo secondo matteo,tt0059741,1965
los dos rivales,tt0178386,1944
la chambre obscure,tt0238893,2000
lo que le pasó a santiago,tt0097766,1989
himizu,tt1900893,2011
terug naar oegstgeest,tt0094126,1987
na svoji zemlji,tt0040634,1948
college days,tt8202710,2010
les témoins,tt0487273,2007
la décade prodigieuse,tt0068521,1971
la mejor del colegio,tt0198741,1953
transe,tt0460034,2006
elfie hopkins,tt1470022,2012
3 men and a little lady,tt0098966,1990
le bal du comte d'orgel,tt0065445,1970
babes in toyland,tt0024852,1934
lapin kullan kimallus,tt0158717,1999
pizza connection,tt0089813,1985
het afscheid,tt0128916,1966
o pai tirano,tt0033994,1941
novaya zemlya,tt1234435,2008
james tont operazione u.n.o.,tt0237349,1965
la famiglia,tt0093004,1987
hombre de la esquina rosada,tt0054986,1962
l'arma,tt0077176,1978
straight to hell,tt0094048,1987
diep,tt0422634,2005
shall we dance?,tt0358135,2004
der westwall,tt0199454,1939
l'homme est une femme comme les autres,tt0119307,1998
meurtrières,tt0487456,2006
die blauen schwerter,tt0236025,1949
la chinoise,tt0061473,1967
mask of dust,tt0047385,1954
that woman opposite,tt0051071,1957
kangaroo jack: g'day u.s.a.!,tt0459425,2004
besættelse,tt0125672,1944
alles is liefde,tt0468644,2007
biyaheng langit,tt0291760,2000
el padrecito,tt0058438,1964
la gran ruta,tt0179201,1971
en una playa junto al mar,tt0182072,1971
los neuróticos,tt0193354,1971
afsporet,tt0034435,1942
piedra libre,tt0073542,1976
d-tox,tt0160184,2002
o stratis parastratise,tt0196974,1969
al-mas' ala al-kubra,tt0085911,1983
hamilchama al hashalom,tt0205997,1968
witchboard 2: the devil's doorway,tt0108577,1993
simón bolívar,tt0033053,1942
l'atlantide,tt0010969,1921
amantide - scirocco,tt0090624,1987
black jack,tt0042255,1950
l'aile ou la cuisse,tt0074103,1976
luna rossa,tt0043764,1951
huevos de oro,tt0107165,1993
figaros hochzeit,tt0037696,1949
tatlong taong walang diyos,tt0125537,1976
theatre of blood,tt0070791,1973
porte des lilas,tt0050850,1957
hairshirt,tt0133832,1998
il bisbetico domato,tt0080439,1980
the syrian bride,tt0423310,2004
mujer,tt0244081,1947
hon truong ba da hang thit,tt0782688,2006
roadgames,tt0083000,1981
adieu blaireau,tt0088671,1985
le secret de mayerling,tt0040769,1949
prázdniny pro psa,tt0237604,1981
american raspberry,tt0162854,1977
angst,tt0185882,1976
poppoya,tt0206216,1999
street corner,tt0046378,1953
la conjura de el escorial,tt1100898,2008
his lordship,tt0027749,1936
el libro de piedra,tt0242601,1969
o' horten,tt0962774,2007
yakuza deka,tt0164750,1970
el andador,tt0061353,1967
pyaasa,tt0050870,1957
lal darja,tt0142521,1997
sbatti il mostro in prima pagina,tt0070641,1972
los hermanos corsos,tt0047078,1955
pretendiendo,tt0460275,2006
the rough and the smooth,tt0053229,1959
il brigante musolino,tt0042284,1950
stacy,tt0368296,2001
la belle équipe,tt0027342,1936
necesito una madre,tt0200896,1966
opname,tt0079674,1979
ossessione,tt0035160,1943
los andes no creen en dios,tt0446273,2007
la calle grita,tt0185971,1948
gribouille,tt0028959,1937
ten days in paris,tt0032011,1940
narradores de javé,tt0355809,2003
fantasmas en buenos aires,tt0187003,1942
o drakos,tt0124437,1956
glasblåsarns barn,tt0119204,1998
les belles de nuit,tt0044409,1952
cuore sacro,tt0429898,2005
l'ultima orgia del iii reich,tt0074569,1977
ika resuraa,tt0428662,2004
henge,tt2285481,2011
un barrage contre le pacifique,tt0931285,2008
la patagonia rebelde,tt0071976,1974
the headsman,tt0440464,2005
la edad del amor,tt0198439,1954
le garçu,tt0113145,1995
badal paree,tt0300971,2001
house of evil,tt0063097,1968
krantiveer,tt0110280,1994
nagareru,tt0049537,1956
nýtt líf,tt0238467,1983
cellofan - med døden til følge,tt0157984,1998
bhoothakkannadi,tt0197294,1997
the dark avenger,tt0047975,1955
abar aranye,tt0368559,2003
coisa ruim,tt0489461,2006
sye,tt0467003,2004
garv: pride and honour,tt0415003,2004
allemagne année 90 neuf zéro,tt0101307,1991
the rebel,tt0055361,1961
el grito sagrado,tt0178536,1954
assault,tt0067243,1971
the midshipmaid,tt0023222,1932
a canção de lisboa,tt0023871,1933
golgotha,tt0025191,1935
las truchas,tt0078421,1978
gli uomini dal passo pesante,tt0061144,1965
la soupe aux choux,tt0083109,1981
maya miriga,tt0087697,1984
tacones lejanos,tt0103030,1991
enrai,tt0216738,1981
gula divisionen,tt0047057,1954
the small miracle,tt0044049,1951
no hay que aflojarle a la vida,tt0183581,1975
die schwarzen adler von santa fe,tt0057888,1965
fräulein doktor,tt0064350,1969
bathory,tt0469640,2008
la messa è finita,tt0089584,1985
soo,tt1137481,2007
bananes mécaniques,tt0167020,1973
14-18,tt0056797,1963
el evangelio de las maravillas,tt0120771,1998
doctor's orders,tt0025054,1934
breach of promise,tt0034548,1942
nel segno di roma,tt0051985,1959
geumbungeo,tt0322406,1927
goopy gyne bagha byne,tt0063023,1969
waterfront,tt0043121,1950
historia del 900,tt0186210,1949
fascinación,tt0199512,1949
skytturnar,tt0093985,1987
ang pinakamagandang hayop sa balat ng lupa,tt0196335,1974
diaboliquement vôtre,tt0061568,1967
sunrise: a song of two humans,tt0018455,1927
zombi 2,tt0080057,1979
1-2-3 corona,tt0235951,1948
urban explorer,tt1642665,2011
sodom und gomorrha,tt0013619,1922
zinda laash,tt0360232,1967
odna,tt0022215,1931
mig og min lillebror og storsmuglerne,tt0063299,1968
panamericana,tt1539146,2010
ultimo mondo cannibale,tt0078437,1977
cassiopéia,tt0136748,1996
barfuss,tt0405743,2005
my suicidal sweetheart,tt0328121,2005
"afrodita, el jardín de los perfumes",tt0303611,1998
chaturanga,tt1264880,2008
giarrettiera colt,tt0176754,1968
der fluch des schwarzen rubin,tt0058883,1965
la voce della luna,tt0098606,1990
janghwa heungryeonjeon,tt0349644,1956
boína blanca,tt0179690,1941
halbblut,tt0010203,1919
the hypnotist,tt0049727,1957
o.h.m.s.,tt0029328,1937
suvorov,tt0033118,1941
acosada,tt0145644,1964
lasse & geir,tt0192229,1976
20 centímetros,tt0421528,2005
hôtel de france,tt0093234,1987
beat girl,tt0055779,1960
warlords of atlantis,tt0078474,1978
attentato ai tre grandi,tt0061693,1967
sunshine susie,tt0022451,1931
la baie des anges,tt0056846,1963
martin soldat,tt0060673,1966
forces occultes,tt0189529,1943
number seventeen,tt0023285,1932
la ilusión viaja en tranvía,tt0045907,1954
bolbol hayran,tt2210509,2010
gift horse,tt0044658,1952
bad timing,tt0080408,1980
12 horas,tt0300888,2001
elektra,tt1920913,2010
il boom,tt0056883,1963
boulevard du rhum,tt0066857,1971
ucho,tt0066498,1970
yksityisalue,tt0135064,1962
los rubios,tt0319307,2003
cadetes de san martín,tt0200510,1937
talvisota,tt0098437,1989
je suis le seigneur du château,tt0097614,1989
los chicos crecen,tt0178325,1976
pochi dollari per django,tt0060084,1966
langer licht,tt0495167,2006
ensayo de un crimen,tt0048037,1955
l'année des méduses,tt0086902,1984
the dock brief,tt0055916,1962
la masseria delle allodole,tt0854672,2007
genesis: in concert,tt0295278,1977
casa ricordi,tt0046833,1954
les fanatiques,tt0050375,1957
bambaru avith,tt0374523,1978
lek,tt0194104,2000
le spie uccidono a beirut,tt0061012,1965
the sleeping cardinal,tt0022373,1931
arirang geuhu iyagi,tt0321287,1930
la bruja,tt0046810,1954
the small back room,tt0041886,1949
special chabbis,tt2377938,2013
il merlo maschio,tt0067422,1971
la hora de las sorpresas,tt0201664,1941
the poet,tt0904127,2007
una gran señora,tt0052859,1959
les scélérats,tt0053255,1960
3 hari untuk selamanya,tt1045797,2007
the lodger,tt0023145,1932
"algérie, histoires à ne pas dire",tt1093803,2007
la mazzetta,tt0077918,1978
la monja,tt0371853,2005
so ein flegel,tt0025805,1934
the grotesque,tt0113224,1995
la passione,tt1523498,2010
les bricoleurs,tt0055810,1963
ying wang,tt0068003,1971
km. 0,tt0251777,2000
l'enfant prodigue,tt0000591,1907
reykjavík-rotterdam,tt1233576,2008
puteri impian,tt0270589,1997
opera jawa,tt0844742,2006
love in paris,tt0119576,1997
ankhiyon ke jharokhon se,tt0165625,1978
moi et les hommes de 40 ans,tt0058362,1965
nidhanaya,tt0069000,1972
duvar,tt0090982,1983
tiempo de revancha,tt0083203,1981
pojat,tt0056356,1962
de smaak van water,tt0084697,1982
la modelo y la estrella,tt0197688,1939
le chat dans le sac,tt0057937,1964
la boum,tt0082100,1980
the lyons in paris,tt0048325,1955
nadie dijo nada,tt0067475,1971
la totale !,tt0103103,1991
jigar,tt0267617,1992
kontakt,tt0417552,2005
le pèlerin de camp nou,tt1391623,2009
suspect,tt0054244,1960
busman's honeymoon,tt0032571,1940
de pretenders,tt0082938,1981
passe-passe,tt0871511,2008
souvenir d'italie,tt0051000,1957
novio a la vista,tt0047287,1954
il bacio di tosca,tt0086928,1984
tentazioni proibite,tt0059791,1965
vlakom prema jugu,tt0083299,1981
le cou de la girafe,tt0387952,2004
kokoda,tt0481390,2006
los jóvenes viejos,tt0188011,1962
le concert,tt1320082,2009
tête de turc,tt1391143,2010
trop belle pour toi,tt0098520,1989
la vengeance d'une femme,tt0098584,1990
les mauvais coups,tt0054069,1961
"i de gode, gamle dage",tt0124342,1940
fonazei o kleftis,tt0198488,1965
sekstet,tt0058570,1963
kantoku · banzai!,tt0996435,2007
the border,tt1324998,2009
bande à part,tt0057869,1964
the story of gilbert and sullivan,tt0045839,1953
don camillo,tt0043918,1952
le chant du monde,tt0059024,1965
japón,tt0322824,2002
my daughter joy,tt0042812,1950
evolusi kl drift 2,tt1606215,2010
carnival,tt0021717,1931
il bidone,tt0047876,1955
schweik's new adventures,tt0220750,1943
la steppa,tt0057529,1962
rinne,tt0456630,2005
la diagonale du fou,tt0087144,1984
christine und die störche,tt0317246,1962
chilbeontong sosageon,tt0321659,1936
x,tt0057693,1963
la fille de l'eau,tt0014898,1925
anna di brooklyn,tt0051363,1958
praktores 005 enantion hrysopodarou,tt0201859,1965
jane shore,tt0005562,1915
la casa del ogro,tt0029974,1939
madreselva,tt0030398,1938
departamento compartido,tt0198410,1980
ourselves alone,tt0028071,1936
sotto il segno dello scorpione,tt0065023,1969
soy un delincuente,tt0075247,1976
la vérité si je mens!,tt0120471,1997
amor estranho amor,tt0083552,1982
bezimienni bohaterowie,tt0281655,1932
escaflowne,tt0270933,2000
keif al-hal?,tt0791180,2006
kanashiki kuchibue,tt0428720,1949
la hija del ministro,tt0175734,1943
kirot,tt1198153,2009
bunshinsaba,tt0415689,2004
morning departure,tt0042810,1950
ahen senso,tt0259174,1943
deep gold,tt0929742,2011
desafío en río bravo,tt0059098,1964
"mord ist mein geschäft, liebling",tt1135940,2009
femmine di lusso,tt0053819,1960
el intruso,tt0243337,1999
metzitzim,tt0068941,1972
drishtantham,tt2575478,2006
bidaya wa nihaya,tt0053652,1960
chota jadugar,tt0309800,2003
meet me tonight,tt0045243,1952
así es la vida,tt0020654,1939
cloak without dagger,tt0050804,1956
sixty glorious years,tt0206302,1938
the naked truth,tt0050749,1957
that dangerous age,tt0041501,1949
les anges de satan,tt0903597,2007
allá lejos y hace tiempo,tt0071488,1978
blind date,tt0052634,1959
kutty,tt0367942,2001
une belle fille comme moi,tt0069442,1972
l'amore primitivo,tt0057844,1964
harry black,tt0051702,1958
el crimen de cuenca,tt0079007,1980
pagliacci,tt0027450,1936
jab pyaar kisise hota hai,tt0182251,1998
london belongs to me,tt0040548,1948
narco,tt0381442,2004
ang lihim ni antonio,tt1172186,2008
¡vampiros en la habana!,tt0090249,1985
serenata en méxico,tt0213234,1956
ferestadeh,tt0084338,1983
a ménesgazda,tt0077969,1978
the beauty jungle,tt0057963,1964
la pecora nera,tt1680096,2010
paisà,tt0038823,1946
schneeland,tt0378715,2005
le professionnel,tt0082949,1981
shag,tt0096085,1989
la reine margot,tt0110963,1994
"merry christmas, mr. lawrence",tt0085933,1983
lage raho munna bhai,tt0456144,2006
khamoshi: the musical,tt0116763,1996
angelo tra la folla,tt0042199,1950
libahunt,tt0445527,1968
ustanicka ulica,tt1887935,2012
mayak,tt1020889,2006
a mi madre le gustan las mujeres,tt0306432,2002
the greengage summer,tt0055098,1961
i killed the count,tt0031463,1939
en la selva no hay estrellas,tt0061622,1967
cape forlorn,tt0022092,1931
il segreto delle tre punte,tt0045132,1952
la vida alrededor,tt0053419,1959
cosh boy,tt0044515,1953
le château de verre,tt0042194,1950
jangan pandang belakang,tt1069259,2007
a very harold & kumar 3d christmas,tt1268799,2011
lesbian vampire killers,tt1020885,2009
matzor,tt0141591,1969
the calendar,tt0021708,1931
the colleen bawn,tt0176620,1924
der lachende mann - bekenntnisse eines mörders,tt0165853,1966
der müde tod,tt0012494,1921
iron cross,tt1039614,2009
mujeres que trabajan,tt0178776,1938
ådalen 31,tt0065261,1969
encarnación,tt1090200,2007
gone in sixty seconds,tt0187078,2000
la tour montparnasse infernale,tt0259060,2001
secreto eterno,tt0228829,1942
mondo cane,tt0057318,1962
dot.kill,tt0337610,2005
